source_month,raw_rows,outside_source_month,voided_in_scope,unknown_pickup,demand_rows,in_scope_rows,fare_rows,efficiency_rows,tip_rows,negative_amount,extreme_amount,missing_amount,bad_duration,bad_distance,bad_speed,dst_efficiency_excluded,flagged_rows,identical_field_extra_rows
2025-01,3475226,22,0,9521,3465683,3475204,3265934,3372327,2436934,144833,3,0,3428,91055,3028,0,249991,0
2025-02,3577543,31,0,8635,3568877,3577512,3332494,3463597,2329325,183140,6,0,6465,99943,5999,0,295230,0
2025-03,4145257,33,0,9235,4135989,4145224,3859564,3892191,2696899,209261,5,0,23854,103936,23328,119787,345091,0
2025-04,3970553,7,0,8991,3961555,3970546,3703964,3834977,2679730,187110,3,0,36362,91745,35863,0,325959,0
2025-05,4591845,24,0,9687,4582134,4591821,4179940,4377272,2834506,325994,3,0,65802,141491,65538,0,531207,0
2025-06,4322960,20,0,8595,4314345,4322940,3965797,4111752,2588456,276316,6,0,69963,135160,70098,0,484080,0
2025-07,3898963,7,0,8366,3890590,3898956,3569233,3711780,2337366,247574,7,0,57282,124048,57105,0,433021,1
2025-08,3574091,17,0,7607,3566467,3574074,3230093,3414519,2176960,261612,6,0,49115,105429,48902,0,421970,0
2025-09,4251015,7,0,8215,4242793,4251008,3914048,4061292,2669886,253353,3,0,58744,124697,58390,0,442281,0
2025-10,4428699,13,0,8542,4420144,4428686,4029772,4226553,2911805,321981,2,0,69654,125828,69256,0,515571,0
2025-11,4181444,24,0,8035,4173385,4181420,3725209,3852881,2697950,395887,8,0,63855,109643,63283,155109,565742,0
2025-12,4305006,9,0,7614,4297383,4304997,4194797,4087011,2612519,49035,4,0,60181,152853,59162,0,286126,0
