zone_id,borough,zone,service_zone,zone_key,zone_label
1,EWR,Newark Airport,EWR,1,1 · Newark Airport
2,Queens,Jamaica Bay,Boro Zone,2,2 · Jamaica Bay
3,Bronx,Allerton/Pelham Gardens,Boro Zone,3,3 · Allerton/Pelham Gardens
4,Manhattan,Alphabet City,Yellow Zone,4,4 · Alphabet City
5,Staten Island,Arden Heights,Boro Zone,5,5 · Arden Heights
6,Staten Island,Arrochar/Fort Wadsworth,Boro Zone,6,6 · Arrochar/Fort Wadsworth
7,Queens,Astoria,Boro Zone,7,7 · Astoria
8,Queens,Astoria Park,Boro Zone,8,8 · Astoria Park
9,Queens,Auburndale,Boro Zone,9,9 · Auburndale
10,Queens,Baisley Park,Boro Zone,10,10 · Baisley Park
11,Brooklyn,Bath Beach,Boro Zone,11,11 · Bath Beach
12,Manhattan,Battery Park,Yellow Zone,12,12 · Battery Park
13,Manhattan,Battery Park City,Yellow Zone,13,13 · Battery Park City
14,Brooklyn,Bay Ridge,Boro Zone,14,14 · Bay Ridge
15,Queens,Bay Terrace/Fort Totten,Boro Zone,15,15 · Bay Terrace/Fort Totten
16,Queens,Bayside,Boro Zone,16,16 · Bayside
17,Brooklyn,Bedford,Boro Zone,17,17 · Bedford
18,Bronx,Bedford Park,Boro Zone,18,18 · Bedford Park
19,Queens,Bellerose,Boro Zone,19,19 · Bellerose
20,Bronx,Belmont,Boro Zone,20,20 · Belmont
21,Brooklyn,Bensonhurst East,Boro Zone,21,21 · Bensonhurst East
22,Brooklyn,Bensonhurst West,Boro Zone,22,22 · Bensonhurst West
23,Staten Island,Bloomfield/Emerson Hill,Boro Zone,23,23 · Bloomfield/Emerson Hill
24,Manhattan,Bloomingdale,Yellow Zone,24,24 · Bloomingdale
25,Brooklyn,Boerum Hill,Boro Zone,25,25 · Boerum Hill
26,Brooklyn,Borough Park,Boro Zone,26,26 · Borough Park
27,Queens,Breezy Point/Fort Tilden/Riis Beach,Boro Zone,27,27 · Breezy Point/Fort Tilden/Riis Beach
28,Queens,Briarwood/Jamaica Hills,Boro Zone,28,28 · Briarwood/Jamaica Hills
29,Brooklyn,Brighton Beach,Boro Zone,29,29 · Brighton Beach
30,Queens,Broad Channel,Boro Zone,30,30 · Broad Channel
31,Bronx,Bronx Park,Boro Zone,31,31 · Bronx Park
32,Bronx,Bronxdale,Boro Zone,32,32 · Bronxdale
33,Brooklyn,Brooklyn Heights,Boro Zone,33,33 · Brooklyn Heights
34,Brooklyn,Brooklyn Navy Yard,Boro Zone,34,34 · Brooklyn Navy Yard
35,Brooklyn,Brownsville,Boro Zone,35,35 · Brownsville
36,Brooklyn,Bushwick North,Boro Zone,36,36 · Bushwick North
37,Brooklyn,Bushwick South,Boro Zone,37,37 · Bushwick South
38,Queens,Cambria Heights,Boro Zone,38,38 · Cambria Heights
39,Brooklyn,Canarsie,Boro Zone,39,39 · Canarsie
40,Brooklyn,Carroll Gardens,Boro Zone,40,40 · Carroll Gardens
41,Manhattan,Central Harlem,Boro Zone,41,41 · Central Harlem
42,Manhattan,Central Harlem North,Boro Zone,42,42 · Central Harlem North
43,Manhattan,Central Park,Yellow Zone,43,43 · Central Park
44,Staten Island,Charleston/Tottenville,Boro Zone,44,44 · Charleston/Tottenville
45,Manhattan,Chinatown,Yellow Zone,45,45 · Chinatown
46,Bronx,City Island,Boro Zone,46,46 · City Island
47,Bronx,Claremont/Bathgate,Boro Zone,47,47 · Claremont/Bathgate
48,Manhattan,Clinton East,Yellow Zone,48,48 · Clinton East
49,Brooklyn,Clinton Hill,Boro Zone,49,49 · Clinton Hill
50,Manhattan,Clinton West,Yellow Zone,50,50 · Clinton West
51,Bronx,Co-Op City,Boro Zone,51,51 · Co-Op City
52,Brooklyn,Cobble Hill,Boro Zone,52,52 · Cobble Hill
53,Queens,College Point,Boro Zone,53,53 · College Point
54,Brooklyn,Columbia Street,Boro Zone,54,54 · Columbia Street
55,Brooklyn,Coney Island,Boro Zone,55,55 · Coney Island
56,Queens,Corona,Boro Zone,56,56 · Corona
57,Queens,Corona,Boro Zone,57,57 · Corona
58,Bronx,Country Club,Boro Zone,58,58 · Country Club
59,Bronx,Crotona Park,Boro Zone,59,59 · Crotona Park
60,Bronx,Crotona Park East,Boro Zone,60,60 · Crotona Park East
61,Brooklyn,Crown Heights North,Boro Zone,61,61 · Crown Heights North
62,Brooklyn,Crown Heights South,Boro Zone,62,62 · Crown Heights South
63,Brooklyn,Cypress Hills,Boro Zone,63,63 · Cypress Hills
64,Queens,Douglaston,Boro Zone,64,64 · Douglaston
65,Brooklyn,Downtown Brooklyn/MetroTech,Boro Zone,65,65 · Downtown Brooklyn/MetroTech
66,Brooklyn,DUMBO/Vinegar Hill,Boro Zone,66,66 · DUMBO/Vinegar Hill
67,Brooklyn,Dyker Heights,Boro Zone,67,67 · Dyker Heights
68,Manhattan,East Chelsea,Yellow Zone,68,68 · East Chelsea
69,Bronx,East Concourse/Concourse Village,Boro Zone,69,69 · East Concourse/Concourse Village
70,Queens,East Elmhurst,Boro Zone,70,70 · East Elmhurst
71,Brooklyn,East Flatbush/Farragut,Boro Zone,71,71 · East Flatbush/Farragut
72,Brooklyn,East Flatbush/Remsen Village,Boro Zone,72,72 · East Flatbush/Remsen Village
73,Queens,East Flushing,Boro Zone,73,73 · East Flushing
74,Manhattan,East Harlem North,Boro Zone,74,74 · East Harlem North
75,Manhattan,East Harlem South,Boro Zone,75,75 · East Harlem South
76,Brooklyn,East New York,Boro Zone,76,76 · East New York
77,Brooklyn,East New York/Pennsylvania Avenue,Boro Zone,77,77 · East New York/Pennsylvania Avenue
78,Bronx,East Tremont,Boro Zone,78,78 · East Tremont
79,Manhattan,East Village,Yellow Zone,79,79 · East Village
80,Brooklyn,East Williamsburg,Boro Zone,80,80 · East Williamsburg
81,Bronx,Eastchester,Boro Zone,81,81 · Eastchester
82,Queens,Elmhurst,Boro Zone,82,82 · Elmhurst
83,Queens,Elmhurst/Maspeth,Boro Zone,83,83 · Elmhurst/Maspeth
84,Staten Island,Eltingville/Annadale/Prince's Bay,Boro Zone,84,84 · Eltingville/Annadale/Prince's Bay
85,Brooklyn,Erasmus,Boro Zone,85,85 · Erasmus
86,Queens,Far Rockaway,Boro Zone,86,86 · Far Rockaway
87,Manhattan,Financial District North,Yellow Zone,87,87 · Financial District North
88,Manhattan,Financial District South,Yellow Zone,88,88 · Financial District South
89,Brooklyn,Flatbush/Ditmas Park,Boro Zone,89,89 · Flatbush/Ditmas Park
90,Manhattan,Flatiron,Yellow Zone,90,90 · Flatiron
91,Brooklyn,Flatlands,Boro Zone,91,91 · Flatlands
92,Queens,Flushing,Boro Zone,92,92 · Flushing
93,Queens,Flushing Meadows-Corona Park,Boro Zone,93,93 · Flushing Meadows-Corona Park
94,Bronx,Fordham South,Boro Zone,94,94 · Fordham South
95,Queens,Forest Hills,Boro Zone,95,95 · Forest Hills
96,Queens,Forest Park/Highland Park,Boro Zone,96,96 · Forest Park/Highland Park
97,Brooklyn,Fort Greene,Boro Zone,97,97 · Fort Greene
98,Queens,Fresh Meadows,Boro Zone,98,98 · Fresh Meadows
99,Staten Island,Freshkills Park,Boro Zone,99,99 · Freshkills Park
100,Manhattan,Garment District,Yellow Zone,100,100 · Garment District
101,Queens,Glen Oaks,Boro Zone,101,101 · Glen Oaks
102,Queens,Glendale,Boro Zone,102,102 · Glendale
103,Manhattan,Governor's Island/Ellis Island/Liberty Island,Yellow Zone,103,103 · Governor's Island/Ellis Island/Liberty Island
104,Manhattan,Governor's Island/Ellis Island/Liberty Island,Yellow Zone,104,104 · Governor's Island/Ellis Island/Liberty Island
105,Manhattan,Governor's Island/Ellis Island/Liberty Island,Yellow Zone,105,105 · Governor's Island/Ellis Island/Liberty Island
106,Brooklyn,Gowanus,Boro Zone,106,106 · Gowanus
107,Manhattan,Gramercy,Yellow Zone,107,107 · Gramercy
108,Brooklyn,Gravesend,Boro Zone,108,108 · Gravesend
109,Staten Island,Great Kills,Boro Zone,109,109 · Great Kills
110,Staten Island,Great Kills Park,Boro Zone,110,110 · Great Kills Park
111,Brooklyn,Green-Wood Cemetery,Boro Zone,111,111 · Green-Wood Cemetery
112,Brooklyn,Greenpoint,Boro Zone,112,112 · Greenpoint
113,Manhattan,Greenwich Village North,Yellow Zone,113,113 · Greenwich Village North
114,Manhattan,Greenwich Village South,Yellow Zone,114,114 · Greenwich Village South
115,Staten Island,Grymes Hill/Clifton,Boro Zone,115,115 · Grymes Hill/Clifton
116,Manhattan,Hamilton Heights,Boro Zone,116,116 · Hamilton Heights
117,Queens,Hammels/Arverne,Boro Zone,117,117 · Hammels/Arverne
118,Staten Island,Heartland Village/Todt Hill,Boro Zone,118,118 · Heartland Village/Todt Hill
119,Bronx,Highbridge,Boro Zone,119,119 · Highbridge
120,Manhattan,Highbridge Park,Boro Zone,120,120 · Highbridge Park
121,Queens,Hillcrest/Pomonok,Boro Zone,121,121 · Hillcrest/Pomonok
122,Queens,Hollis,Boro Zone,122,122 · Hollis
123,Brooklyn,Homecrest,Boro Zone,123,123 · Homecrest
124,Queens,Howard Beach,Boro Zone,124,124 · Howard Beach
125,Manhattan,Hudson Sq,Yellow Zone,125,125 · Hudson Sq
126,Bronx,Hunts Point,Boro Zone,126,126 · Hunts Point
127,Manhattan,Inwood,Boro Zone,127,127 · Inwood
128,Manhattan,Inwood Hill Park,Boro Zone,128,128 · Inwood Hill Park
129,Queens,Jackson Heights,Boro Zone,129,129 · Jackson Heights
130,Queens,Jamaica,Boro Zone,130,130 · Jamaica
131,Queens,Jamaica Estates,Boro Zone,131,131 · Jamaica Estates
132,Queens,JFK Airport,Airports,132,132 · JFK Airport
133,Brooklyn,Kensington,Boro Zone,133,133 · Kensington
134,Queens,Kew Gardens,Boro Zone,134,134 · Kew Gardens
135,Queens,Kew Gardens Hills,Boro Zone,135,135 · Kew Gardens Hills
136,Bronx,Kingsbridge Heights,Boro Zone,136,136 · Kingsbridge Heights
137,Manhattan,Kips Bay,Yellow Zone,137,137 · Kips Bay
138,Queens,LaGuardia Airport,Airports,138,138 · LaGuardia Airport
139,Queens,Laurelton,Boro Zone,139,139 · Laurelton
140,Manhattan,Lenox Hill East,Yellow Zone,140,140 · Lenox Hill East
141,Manhattan,Lenox Hill West,Yellow Zone,141,141 · Lenox Hill West
142,Manhattan,Lincoln Square East,Yellow Zone,142,142 · Lincoln Square East
143,Manhattan,Lincoln Square West,Yellow Zone,143,143 · Lincoln Square West
144,Manhattan,Little Italy/NoLiTa,Yellow Zone,144,144 · Little Italy/NoLiTa
145,Queens,Long Island City/Hunters Point,Boro Zone,145,145 · Long Island City/Hunters Point
146,Queens,Long Island City/Queens Plaza,Boro Zone,146,146 · Long Island City/Queens Plaza
147,Bronx,Longwood,Boro Zone,147,147 · Longwood
148,Manhattan,Lower East Side,Yellow Zone,148,148 · Lower East Side
149,Brooklyn,Madison,Boro Zone,149,149 · Madison
150,Brooklyn,Manhattan Beach,Boro Zone,150,150 · Manhattan Beach
151,Manhattan,Manhattan Valley,Yellow Zone,151,151 · Manhattan Valley
152,Manhattan,Manhattanville,Boro Zone,152,152 · Manhattanville
153,Manhattan,Marble Hill,Boro Zone,153,153 · Marble Hill
154,Brooklyn,Marine Park/Floyd Bennett Field,Boro Zone,154,154 · Marine Park/Floyd Bennett Field
155,Brooklyn,Marine Park/Mill Basin,Boro Zone,155,155 · Marine Park/Mill Basin
156,Staten Island,Mariners Harbor,Boro Zone,156,156 · Mariners Harbor
157,Queens,Maspeth,Boro Zone,157,157 · Maspeth
158,Manhattan,Meatpacking/West Village West,Yellow Zone,158,158 · Meatpacking/West Village West
159,Bronx,Melrose South,Boro Zone,159,159 · Melrose South
160,Queens,Middle Village,Boro Zone,160,160 · Middle Village
161,Manhattan,Midtown Center,Yellow Zone,161,161 · Midtown Center
162,Manhattan,Midtown East,Yellow Zone,162,162 · Midtown East
163,Manhattan,Midtown North,Yellow Zone,163,163 · Midtown North
164,Manhattan,Midtown South,Yellow Zone,164,164 · Midtown South
165,Brooklyn,Midwood,Boro Zone,165,165 · Midwood
166,Manhattan,Morningside Heights,Boro Zone,166,166 · Morningside Heights
167,Bronx,Morrisania/Melrose,Boro Zone,167,167 · Morrisania/Melrose
168,Bronx,Mott Haven/Port Morris,Boro Zone,168,168 · Mott Haven/Port Morris
169,Bronx,Mount Hope,Boro Zone,169,169 · Mount Hope
170,Manhattan,Murray Hill,Yellow Zone,170,170 · Murray Hill
171,Queens,Murray Hill-Queens,Boro Zone,171,171 · Murray Hill-Queens
172,Staten Island,New Dorp/Midland Beach,Boro Zone,172,172 · New Dorp/Midland Beach
173,Queens,North Corona,Boro Zone,173,173 · North Corona
174,Bronx,Norwood,Boro Zone,174,174 · Norwood
175,Queens,Oakland Gardens,Boro Zone,175,175 · Oakland Gardens
176,Staten Island,Oakwood,Boro Zone,176,176 · Oakwood
177,Brooklyn,Ocean Hill,Boro Zone,177,177 · Ocean Hill
178,Brooklyn,Ocean Parkway South,Boro Zone,178,178 · Ocean Parkway South
179,Queens,Old Astoria,Boro Zone,179,179 · Old Astoria
180,Queens,Ozone Park,Boro Zone,180,180 · Ozone Park
181,Brooklyn,Park Slope,Boro Zone,181,181 · Park Slope
182,Bronx,Parkchester,Boro Zone,182,182 · Parkchester
183,Bronx,Pelham Bay,Boro Zone,183,183 · Pelham Bay
184,Bronx,Pelham Bay Park,Boro Zone,184,184 · Pelham Bay Park
185,Bronx,Pelham Parkway,Boro Zone,185,185 · Pelham Parkway
186,Manhattan,Penn Station/Madison Sq West,Yellow Zone,186,186 · Penn Station/Madison Sq West
187,Staten Island,Port Richmond,Boro Zone,187,187 · Port Richmond
188,Brooklyn,Prospect-Lefferts Gardens,Boro Zone,188,188 · Prospect-Lefferts Gardens
189,Brooklyn,Prospect Heights,Boro Zone,189,189 · Prospect Heights
190,Brooklyn,Prospect Park,Boro Zone,190,190 · Prospect Park
191,Queens,Queens Village,Boro Zone,191,191 · Queens Village
192,Queens,Queensboro Hill,Boro Zone,192,192 · Queensboro Hill
193,Queens,Queensbridge/Ravenswood,Boro Zone,193,193 · Queensbridge/Ravenswood
194,Manhattan,Randalls Island,Yellow Zone,194,194 · Randalls Island
195,Brooklyn,Red Hook,Boro Zone,195,195 · Red Hook
196,Queens,Rego Park,Boro Zone,196,196 · Rego Park
197,Queens,Richmond Hill,Boro Zone,197,197 · Richmond Hill
198,Queens,Ridgewood,Boro Zone,198,198 · Ridgewood
199,Bronx,Rikers Island,Boro Zone,199,199 · Rikers Island
200,Bronx,Riverdale/North Riverdale/Fieldston,Boro Zone,200,200 · Riverdale/North Riverdale/Fieldston
201,Queens,Rockaway Park,Boro Zone,201,201 · Rockaway Park
202,Manhattan,Roosevelt Island,Boro Zone,202,202 · Roosevelt Island
203,Queens,Rosedale,Boro Zone,203,203 · Rosedale
204,Staten Island,Rossville/Woodrow,Boro Zone,204,204 · Rossville/Woodrow
205,Queens,Saint Albans,Boro Zone,205,205 · Saint Albans
206,Staten Island,Saint George/New Brighton,Boro Zone,206,206 · Saint George/New Brighton
207,Queens,Saint Michaels Cemetery/Woodside,Boro Zone,207,207 · Saint Michaels Cemetery/Woodside
208,Bronx,Schuylerville/Edgewater Park,Boro Zone,208,208 · Schuylerville/Edgewater Park
209,Manhattan,Seaport,Yellow Zone,209,209 · Seaport
210,Brooklyn,Sheepshead Bay,Boro Zone,210,210 · Sheepshead Bay
211,Manhattan,SoHo,Yellow Zone,211,211 · SoHo
212,Bronx,Soundview/Bruckner,Boro Zone,212,212 · Soundview/Bruckner
213,Bronx,Soundview/Castle Hill,Boro Zone,213,213 · Soundview/Castle Hill
214,Staten Island,South Beach/Dongan Hills,Boro Zone,214,214 · South Beach/Dongan Hills
215,Queens,South Jamaica,Boro Zone,215,215 · South Jamaica
216,Queens,South Ozone Park,Boro Zone,216,216 · South Ozone Park
217,Brooklyn,South Williamsburg,Boro Zone,217,217 · South Williamsburg
218,Queens,Springfield Gardens North,Boro Zone,218,218 · Springfield Gardens North
219,Queens,Springfield Gardens South,Boro Zone,219,219 · Springfield Gardens South
220,Bronx,Spuyten Duyvil/Kingsbridge,Boro Zone,220,220 · Spuyten Duyvil/Kingsbridge
221,Staten Island,Stapleton,Boro Zone,221,221 · Stapleton
222,Brooklyn,Starrett City,Boro Zone,222,222 · Starrett City
223,Queens,Steinway,Boro Zone,223,223 · Steinway
224,Manhattan,Stuy Town/Peter Cooper Village,Yellow Zone,224,224 · Stuy Town/Peter Cooper Village
225,Brooklyn,Stuyvesant Heights,Boro Zone,225,225 · Stuyvesant Heights
226,Queens,Sunnyside,Boro Zone,226,226 · Sunnyside
227,Brooklyn,Sunset Park East,Boro Zone,227,227 · Sunset Park East
228,Brooklyn,Sunset Park West,Boro Zone,228,228 · Sunset Park West
229,Manhattan,Sutton Place/Turtle Bay North,Yellow Zone,229,229 · Sutton Place/Turtle Bay North
230,Manhattan,Times Sq/Theatre District,Yellow Zone,230,230 · Times Sq/Theatre District
231,Manhattan,TriBeCa/Civic Center,Yellow Zone,231,231 · TriBeCa/Civic Center
232,Manhattan,Two Bridges/Seward Park,Yellow Zone,232,232 · Two Bridges/Seward Park
233,Manhattan,UN/Turtle Bay South,Yellow Zone,233,233 · UN/Turtle Bay South
234,Manhattan,Union Sq,Yellow Zone,234,234 · Union Sq
235,Bronx,University Heights/Morris Heights,Boro Zone,235,235 · University Heights/Morris Heights
236,Manhattan,Upper East Side North,Yellow Zone,236,236 · Upper East Side North
237,Manhattan,Upper East Side South,Yellow Zone,237,237 · Upper East Side South
238,Manhattan,Upper West Side North,Yellow Zone,238,238 · Upper West Side North
239,Manhattan,Upper West Side South,Yellow Zone,239,239 · Upper West Side South
240,Bronx,Van Cortlandt Park,Boro Zone,240,240 · Van Cortlandt Park
241,Bronx,Van Cortlandt Village,Boro Zone,241,241 · Van Cortlandt Village
242,Bronx,Van Nest/Morris Park,Boro Zone,242,242 · Van Nest/Morris Park
243,Manhattan,Washington Heights North,Boro Zone,243,243 · Washington Heights North
244,Manhattan,Washington Heights South,Boro Zone,244,244 · Washington Heights South
245,Staten Island,West Brighton,Boro Zone,245,245 · West Brighton
246,Manhattan,West Chelsea/Hudson Yards,Yellow Zone,246,246 · West Chelsea/Hudson Yards
247,Bronx,West Concourse,Boro Zone,247,247 · West Concourse
248,Bronx,West Farms/Bronx River,Boro Zone,248,248 · West Farms/Bronx River
249,Manhattan,West Village,Yellow Zone,249,249 · West Village
250,Bronx,Westchester Village/Unionport,Boro Zone,250,250 · Westchester Village/Unionport
251,Staten Island,Westerleigh,Boro Zone,251,251 · Westerleigh
252,Queens,Whitestone,Boro Zone,252,252 · Whitestone
253,Queens,Willets Point,Boro Zone,253,253 · Willets Point
254,Bronx,Williamsbridge/Olinville,Boro Zone,254,254 · Williamsbridge/Olinville
255,Brooklyn,Williamsburg (North Side),Boro Zone,255,255 · Williamsburg (North Side)
256,Brooklyn,Williamsburg (South Side),Boro Zone,256,256 · Williamsburg (South Side)
257,Brooklyn,Windsor Terrace,Boro Zone,257,257 · Windsor Terrace
258,Queens,Woodhaven,Boro Zone,258,258 · Woodhaven
259,Bronx,Woodlawn/Wakefield,Boro Zone,259,259 · Woodlawn/Wakefield
260,Queens,Woodside,Boro Zone,260,260 · Woodside
261,Manhattan,World Trade Center,Yellow Zone,261,261 · World Trade Center
262,Manhattan,Yorkville East,Yellow Zone,262,262 · Yorkville East
263,Manhattan,Yorkville West,Yellow Zone,263,263 · Yorkville West
264,Unknown,,,264,264 · Unknown
265,,Outside of NYC,,265,265 · Outside of NYC
