date,temperature_2m_mean,precipitation_sum,snowfall_sum,wind_speed_10m_max,weekday,month,is_weekend,is_holiday,holiday_name,weather_group,day_type,month_label
2025-01-01,7.3,5.5,0,26.7,2,1,0,1,New Year's Day,降水,节假日,2025-01
2025-01-02,3.7,0,0,29.1,3,1,0,0,,无明显降水,工作日,2025-01
2025-01-03,1.2,0,0,20.6,4,1,0,0,,无明显降水,工作日,2025-01
2025-01-04,-0.4,0,0,29.2,5,1,1,0,,无明显降水,周末,2025-01
2025-01-05,-1,0,0,23.1,6,1,1,0,,无明显降水,周末,2025-01
2025-01-06,-2.2,2,1.4,21.9,0,1,0,0,,降雪,工作日,2025-01
2025-01-07,-3.3,0,0,30.8,1,1,0,0,,无明显降水,工作日,2025-01
2025-01-08,-3.3,0,0,28.7,2,1,0,0,,无明显降水,工作日,2025-01
2025-01-09,-2.8,0,0,31.3,3,1,0,0,,无明显降水,工作日,2025-01
2025-01-10,-0.2,0,0,23.8,4,1,0,0,,无明显降水,工作日,2025-01
2025-01-11,-0.6,1.8,1.26,17.7,5,1,1,0,,降雪,周末,2025-01
2025-01-12,0.7,0,0,16.9,6,1,1,0,,无明显降水,周末,2025-01
2025-01-13,1.1,0,0,18.2,0,1,0,0,,无明显降水,工作日,2025-01
2025-01-14,-1.6,0,0,23.1,1,1,0,0,,无明显降水,工作日,2025-01
2025-01-15,-3.3,0,0,23.9,2,1,0,0,,无明显降水,工作日,2025-01
2025-01-16,-3.9,0.2,0.14,14.6,3,1,0,0,,降雪,工作日,2025-01
2025-01-17,-1.1,0,0,11,4,1,0,0,,无明显降水,工作日,2025-01
2025-01-18,2.7,4.6,0,14.7,5,1,1,0,,降水,周末,2025-01
2025-01-19,1.3,7.3,4.48,21.4,6,1,1,0,,降雪,周末,2025-01
2025-01-20,-5.8,0.2,0.14,20.3,0,1,0,1,Martin Luther King Jr. Day,降雪,节假日,2025-01
2025-01-21,-9.1,0.1,0.07,12.1,1,1,0,0,,降雪,工作日,2025-01
2025-01-22,-9.4,0,0,13.6,2,1,0,0,,无明显降水,工作日,2025-01
2025-01-23,-6.8,0,0,13.5,3,1,0,0,,无明显降水,工作日,2025-01
2025-01-24,-4.3,0,0,14.2,4,1,0,0,,无明显降水,工作日,2025-01
2025-01-25,-4.4,0,0,15.6,5,1,1,0,,无明显降水,周末,2025-01
2025-01-26,0.6,0,0,19,6,1,1,0,,无明显降水,周末,2025-01
2025-01-27,0.1,0,0,20.4,0,1,0,0,,无明显降水,工作日,2025-01
2025-01-28,2,0,0,26.1,1,1,0,0,,无明显降水,工作日,2025-01
2025-01-29,3.7,0,0,27.4,2,1,0,0,,无明显降水,工作日,2025-01
2025-01-30,-0.9,0,0,21.6,3,1,0,0,,无明显降水,工作日,2025-01
2025-01-31,3.7,9.3,0,12.5,4,1,0,0,,降水,工作日,2025-01
2025-02-01,1.9,2.2,0,21.9,5,2,1,0,,降水,周末,2025-02
2025-02-02,-4.8,3.2,2.17,13.5,6,2,1,0,,降雪,周末,2025-02
2025-02-03,1.6,1,0.35,14.3,0,2,0,0,,降雪,工作日,2025-02
2025-02-04,4.4,0.7,0,25.9,1,2,0,0,,无明显降水,工作日,2025-02
2025-02-05,-1.2,0,0,12.8,2,2,0,0,,无明显降水,工作日,2025-02
2025-02-06,0.3,10.2,3.01,12.4,3,2,0,0,,降雪,工作日,2025-02
2025-02-07,2.5,0,0,24.7,4,2,0,0,,无明显降水,工作日,2025-02
2025-02-08,-1.9,3.7,2.38,11,5,2,1,0,,降雪,周末,2025-02
2025-02-09,0.2,10.6,4.41,18.5,6,2,1,0,,降雪,周末,2025-02
2025-02-10,-0,0,0,14.4,0,2,0,0,,无明显降水,工作日,2025-02
2025-02-11,-1.7,0.6,0.42,10.7,1,2,0,0,,降雪,工作日,2025-02
2025-02-12,0.2,4.8,3.29,16.8,2,2,0,0,,降雪,工作日,2025-02
2025-02-13,3.4,5.2,0.14,20.9,3,2,0,0,,降雪,工作日,2025-02
2025-02-14,0.2,0,0,21.9,4,2,0,0,,无明显降水,工作日,2025-02
2025-02-15,-1,7.9,3.36,15.3,5,2,1,0,,降雪,周末,2025-02
2025-02-16,3.6,24.7,0,29.5,6,2,1,0,,降水,周末,2025-02
2025-02-17,-0.1,0,0,34.4,0,2,0,1,Washington's Birthday,无明显降水,节假日,2025-02
2025-02-18,-4.8,0,0,25.9,1,2,0,0,,无明显降水,工作日,2025-02
2025-02-19,-4.6,0,0,19.4,2,2,0,0,,无明显降水,工作日,2025-02
2025-02-20,-4.5,1.2,0.84,19.4,3,2,0,0,,降雪,工作日,2025-02
2025-02-21,-2.5,0,0,26.8,4,2,0,0,,无明显降水,工作日,2025-02
2025-02-22,-1.5,0,0,16.8,5,2,1,0,,无明显降水,周末,2025-02
2025-02-23,2.4,0,0,13,6,2,1,0,,无明显降水,周末,2025-02
2025-02-24,3.8,0,0,16.4,0,2,0,0,,无明显降水,工作日,2025-02
2025-02-25,6.2,0,0,14.4,1,2,0,0,,无明显降水,工作日,2025-02
2025-02-26,6.9,0.1,0,19.3,2,2,0,0,,无明显降水,工作日,2025-02
2025-02-27,7.8,2.1,0,13.3,3,2,0,0,,降水,工作日,2025-02
2025-02-28,6.6,0,0,18.8,4,2,0,0,,无明显降水,工作日,2025-02
2025-03-01,7.2,0,0,31.2,5,3,1,0,,无明显降水,周末,2025-03
2025-03-02,-2.5,0,0,21.3,6,3,1,0,,无明显降水,周末,2025-03
2025-03-03,-1.6,0,0,13,0,3,0,0,,无明显降水,工作日,2025-03
2025-03-04,4.4,0,0,16.7,1,3,0,0,,无明显降水,工作日,2025-03
2025-03-05,9.7,31.1,0,30.6,2,3,0,0,,降水,工作日,2025-03
2025-03-06,9.1,2.8,0,28.1,3,3,0,0,,降水,工作日,2025-03
2025-03-07,5.2,0,0,32.8,4,3,0,0,,无明显降水,工作日,2025-03
2025-03-08,5.1,0,0,31,5,3,1,0,,无明显降水,周末,2025-03
2025-03-09,4.7,0,0,25.3,6,3,1,0,,无明显降水,周末,2025-03
2025-03-10,8.9,0,0,15.4,0,3,0,0,,无明显降水,工作日,2025-03
2025-03-11,9.2,0,0,14.6,1,3,0,0,,无明显降水,工作日,2025-03
2025-03-12,7.7,0,0,16,2,3,0,0,,无明显降水,工作日,2025-03
2025-03-13,5.7,0,0,15.9,3,3,0,0,,无明显降水,工作日,2025-03
2025-03-14,6.7,0,0,11.3,4,3,0,0,,无明显降水,工作日,2025-03
2025-03-15,6.6,0,0,12.8,5,3,1,0,,无明显降水,周末,2025-03
2025-03-16,12.7,4.3,0,31.7,6,3,1,0,,降水,周末,2025-03
2025-03-17,11.3,20.8,0,21.1,0,3,0,0,,降水,工作日,2025-03
2025-03-18,7.8,0,0,20.8,1,3,0,0,,无明显降水,工作日,2025-03
2025-03-19,8.9,0,0,11.9,2,3,0,0,,无明显降水,工作日,2025-03
2025-03-20,8.5,5.8,0,18.6,3,3,0,0,,降水,工作日,2025-03
2025-03-21,7.7,6.7,0,31,4,3,0,0,,降水,工作日,2025-03
2025-03-22,9.3,0.1,0,23.6,5,3,1,0,,无明显降水,周末,2025-03
2025-03-23,4.6,0,0,21.1,6,3,1,0,,无明显降水,周末,2025-03
2025-03-24,7,12.3,0,17.4,0,3,0,0,,降水,工作日,2025-03
2025-03-25,10.1,0,0,27.8,1,3,0,0,,无明显降水,工作日,2025-03
2025-03-26,6.9,0.6,0,19.1,2,3,0,0,,无明显降水,工作日,2025-03
2025-03-27,5.8,0,0,22.1,3,3,0,0,,无明显降水,工作日,2025-03
2025-03-28,10.5,1.2,0,18.7,4,3,0,0,,降水,工作日,2025-03
2025-03-29,14.3,1.6,0,20.4,5,3,1,0,,降水,周末,2025-03
2025-03-30,6.7,2.8,0,14.9,6,3,1,0,,降水,周末,2025-03
2025-03-31,14.1,11.6,0,19,0,3,0,0,,降水,工作日,2025-03
2025-04-01,9.6,12.9,0,23.5,1,4,0,0,,降水,工作日,2025-04
2025-04-02,5.7,0,0,19.7,2,4,0,0,,无明显降水,工作日,2025-04
2025-04-03,13.6,1.1,0,20.9,3,4,0,0,,降水,工作日,2025-04
2025-04-04,17.3,9.8,0,18.5,4,4,0,0,,降水,工作日,2025-04
2025-04-05,9.7,7.3,0,20.6,5,4,1,0,,降水,周末,2025-04
2025-04-06,9.3,6.1,0,12.3,6,4,1,0,,降水,周末,2025-04
2025-04-07,6.5,11.4,0,13.7,0,4,0,0,,降水,工作日,2025-04
2025-04-08,5.4,0.8,0,34.5,1,4,0,0,,无明显降水,工作日,2025-04
2025-04-09,4.4,0,0,17.3,2,4,0,0,,无明显降水,工作日,2025-04
2025-04-10,6.4,0.6,0,20.6,3,4,0,0,,无明显降水,工作日,2025-04
2025-04-11,6.8,7.2,0,21.9,4,4,0,0,,降水,工作日,2025-04
2025-04-12,4.1,14.7,0.56,24.1,5,4,1,0,,降雪,周末,2025-04
2025-04-13,9,0.5,0,20.3,6,4,1,0,,无明显降水,周末,2025-04
2025-04-14,11.6,0,0,14.5,0,4,0,0,,无明显降水,工作日,2025-04
2025-04-15,13.1,1.9,0,26.8,1,4,0,0,,降水,工作日,2025-04
2025-04-16,8.9,0,0,29.9,2,4,0,0,,无明显降水,工作日,2025-04
2025-04-17,10.6,0,0,17.8,3,4,0,0,,无明显降水,工作日,2025-04
2025-04-18,12.5,0,0,20.8,4,4,0,0,,无明显降水,工作日,2025-04
2025-04-19,19.5,0.2,0,19.6,5,4,1,0,,无明显降水,周末,2025-04
2025-04-20,16.9,0,0,23.7,6,4,1,0,,无明显降水,周末,2025-04
2025-04-21,11.4,0.2,0,15.1,0,4,0,0,,无明显降水,工作日,2025-04
2025-04-22,17.6,0,0,15.6,1,4,0,0,,无明显降水,工作日,2025-04
2025-04-23,16.4,0,0,16.3,2,4,0,0,,无明显降水,工作日,2025-04
2025-04-24,17.3,0,0,15.7,3,4,0,0,,无明显降水,工作日,2025-04
2025-04-25,18.3,0,0,16.3,4,4,0,0,,无明显降水,工作日,2025-04
2025-04-26,18,16.7,0,22.8,5,4,1,0,,降水,周末,2025-04
2025-04-27,13.1,0,0,32,6,4,1,0,,无明显降水,周末,2025-04
2025-04-28,16.5,0,0,16.5,0,4,0,0,,无明显降水,工作日,2025-04
2025-04-29,18.6,0,0,20.3,1,4,0,0,,无明显降水,工作日,2025-04
2025-04-30,19.4,0,0,21.3,2,4,0,0,,无明显降水,工作日,2025-04
2025-05-01,15.3,0,0,15.9,3,5,0,0,,无明显降水,工作日,2025-05
2025-05-02,19.5,1.9,0,14.6,4,5,0,0,,降水,工作日,2025-05
2025-05-03,21.4,4.1,0,20.1,5,5,1,0,,降水,周末,2025-05
2025-05-04,18.4,11.2,0,14.4,6,5,1,0,,降水,周末,2025-05
2025-05-05,16.1,16.7,0,16.3,0,5,0,0,,降水,工作日,2025-05
2025-05-06,16.9,10.3,0,23,1,5,0,0,,降水,工作日,2025-05
2025-05-07,18.1,0,0,12.7,2,5,0,0,,无明显降水,工作日,2025-05
2025-05-08,19.1,0.3,0,13.1,3,5,0,0,,无明显降水,工作日,2025-05
2025-05-09,14.7,25.3,0,16.4,4,5,0,0,,降水,工作日,2025-05
2025-05-10,16.5,0,0,26.2,5,5,1,0,,无明显降水,周末,2025-05
2025-05-11,19.1,0,0,13.4,6,5,1,0,,无明显降水,周末,2025-05
2025-05-12,17.7,0,0,12.5,0,5,0,0,,无明显降水,工作日,2025-05
2025-05-13,17.8,3.2,0,13.2,1,5,0,0,,降水,工作日,2025-05
2025-05-14,16.4,13.9,0,19.4,2,5,0,0,,降水,工作日,2025-05
2025-05-15,18.3,1.5,0,10.9,3,5,0,0,,降水,工作日,2025-05
2025-05-16,19,1.2,0,15.8,4,5,0,0,,降水,工作日,2025-05
2025-05-17,21.8,3.2,0,17.3,5,5,1,0,,降水,周末,2025-05
2025-05-18,20.1,0,0,26.7,6,5,1,0,,无明显降水,周末,2025-05
2025-05-19,17.2,0,0,24.6,0,5,0,0,,无明显降水,工作日,2025-05
2025-05-20,14.3,0,0,19.5,1,5,0,0,,无明显降水,工作日,2025-05
2025-05-21,12.3,3.8,0,20.7,2,5,0,0,,降水,工作日,2025-05
2025-05-22,10.7,17.6,0,21.6,3,5,0,0,,降水,工作日,2025-05
2025-05-23,12.6,1.1,0,17.6,4,5,0,0,,降水,工作日,2025-05
2025-05-24,14.3,0.6,0,23.4,5,5,1,0,,无明显降水,周末,2025-05
2025-05-25,15.5,0,0,19.6,6,5,1,0,,无明显降水,周末,2025-05
2025-05-26,16.7,0,0,10.6,0,5,0,1,Memorial Day,无明显降水,节假日,2025-05
2025-05-27,17.4,0,0,11.7,1,5,0,0,,无明显降水,工作日,2025-05
2025-05-28,15.5,7.9,0,13.2,2,5,0,0,,降水,工作日,2025-05
2025-05-29,16.2,1.7,0,14.4,3,5,0,0,,降水,工作日,2025-05
2025-05-30,18.8,1.2,0,11.3,4,5,0,0,,降水,工作日,2025-05
2025-05-31,16.5,28.6,0,28.8,5,5,1,0,,降水,周末,2025-05
2025-06-01,15.2,0,0,23.5,6,6,1,0,,无明显降水,周末,2025-06
2025-06-02,17.2,0,0,10.1,0,6,0,0,,无明显降水,工作日,2025-06
2025-06-03,19.4,0,0,11.7,1,6,0,0,,无明显降水,工作日,2025-06
2025-06-04,21.5,0,0,12.8,2,6,0,0,,无明显降水,工作日,2025-06
2025-06-05,24,0,0,10.7,3,6,0,0,,无明显降水,工作日,2025-06
2025-06-06,24.6,0,0,12.2,4,6,0,0,,无明显降水,工作日,2025-06
2025-06-07,22,12.5,0,14.2,5,6,1,0,,降水,周末,2025-06
2025-06-08,19.6,2.2,0,17.2,6,6,1,0,,降水,周末,2025-06
2025-06-09,17.4,8.6,0,18.8,0,6,0,0,,降水,工作日,2025-06
2025-06-10,19.7,1.4,0,9.9,1,6,0,0,,降水,工作日,2025-06
2025-06-11,23.3,0,0,17,2,6,0,0,,无明显降水,工作日,2025-06
2025-06-12,25.4,0.5,0,15,3,6,0,0,,无明显降水,工作日,2025-06
2025-06-13,22.6,0.3,0,10.7,4,6,0,0,,无明显降水,工作日,2025-06
2025-06-14,17.5,14.5,0,15.6,5,6,1,0,,降水,周末,2025-06
2025-06-15,16.9,0.1,0,11.9,6,6,1,0,,无明显降水,周末,2025-06
2025-06-16,18.1,1.1,0,16.8,0,6,0,0,,降水,工作日,2025-06
2025-06-17,18.7,3.7,0,10.5,1,6,0,0,,降水,工作日,2025-06
2025-06-18,22.1,5.2,0,10.4,2,6,0,0,,降水,工作日,2025-06
2025-06-19,25.5,6.8,0,20.1,3,6,0,1,Juneteenth,降水,节假日,2025-06
2025-06-20,24.2,0,0,22.5,4,6,0,0,,无明显降水,工作日,2025-06
2025-06-21,26.1,0,0,13.4,5,6,1,0,,无明显降水,周末,2025-06
2025-06-22,26.7,0,0,19.9,6,6,1,0,,无明显降水,周末,2025-06
2025-06-23,30.4,1.6,0,10.4,0,6,0,0,,降水,工作日,2025-06
2025-06-24,31.8,0,0,12.5,1,6,0,0,,无明显降水,工作日,2025-06
2025-06-25,31,0.3,0,10.9,2,6,0,0,,无明显降水,工作日,2025-06
2025-06-26,23.9,0.6,0,18.8,3,6,0,0,,无明显降水,工作日,2025-06
2025-06-27,19.6,1.1,0,16.5,4,6,0,0,,降水,工作日,2025-06
2025-06-28,22.8,0,0,13.5,5,6,1,0,,无明显降水,周末,2025-06
2025-06-29,27.7,0,0,14.3,6,6,1,0,,无明显降水,周末,2025-06
2025-06-30,26.4,0.5,0,16,0,6,0,0,,无明显降水,工作日,2025-06
2025-07-01,26.1,26.3,0,15.3,1,7,0,0,,降水,工作日,2025-07
2025-07-02,25.4,11.6,0,10.4,2,7,0,0,,降水,工作日,2025-07
2025-07-03,26.1,0.2,0,14.3,3,7,0,0,,无明显降水,工作日,2025-07
2025-07-04,23.7,0,0,13.3,4,7,0,1,Independence Day,无明显降水,节假日,2025-07
2025-07-05,24.9,0,0,13,5,7,1,0,,无明显降水,周末,2025-07
2025-07-06,26.5,0,0,15.1,6,7,1,0,,无明显降水,周末,2025-07
2025-07-07,27.1,4.8,0,14.7,0,7,0,0,,降水,工作日,2025-07
2025-07-08,28.1,18.4,0,11.9,1,7,0,0,,降水,工作日,2025-07
2025-07-09,27.7,0.1,0,11.2,2,7,0,0,,无明显降水,工作日,2025-07
2025-07-10,25.5,7.3,0,10.9,3,7,0,0,,降水,工作日,2025-07
2025-07-11,25.4,0.7,0,13.7,4,7,0,0,,无明显降水,工作日,2025-07
2025-07-12,25.3,0,0,15.8,5,7,1,0,,无明显降水,周末,2025-07
2025-07-13,25.4,0.6,0,12.6,6,7,1,0,,无明显降水,周末,2025-07
2025-07-14,26,10.9,0,14.2,0,7,0,0,,降水,工作日,2025-07
2025-07-15,26.5,3.7,0,9.6,1,7,0,0,,降水,工作日,2025-07
2025-07-16,28.4,0.4,0,13.9,2,7,0,0,,无明显降水,工作日,2025-07
2025-07-17,29,3.5,0,23.9,3,7,0,0,,降水,工作日,2025-07
2025-07-18,26.2,0,0,17.3,4,7,0,0,,无明显降水,工作日,2025-07
2025-07-19,24.4,1.5,0,12.2,5,7,1,0,,降水,周末,2025-07
2025-07-20,27.3,0.4,0,13.9,6,7,1,0,,无明显降水,周末,2025-07
2025-07-21,25.9,0,0,14.1,0,7,0,0,,无明显降水,工作日,2025-07
2025-07-22,22.7,0,0,13.8,1,7,0,0,,无明显降水,工作日,2025-07
2025-07-23,24,0,0,15.3,2,7,0,0,,无明显降水,工作日,2025-07
2025-07-24,25.7,0,0,15,3,7,0,0,,无明显降水,工作日,2025-07
2025-07-25,28,2.7,0,14.9,4,7,0,0,,降水,工作日,2025-07
2025-07-26,25.6,0,0,13.9,5,7,1,0,,无明显降水,周末,2025-07
2025-07-27,25.1,10,0,14,6,7,1,0,,降水,周末,2025-07
2025-07-28,28.4,0,0,11.3,0,7,0,0,,无明显降水,工作日,2025-07
2025-07-29,30.2,1,0,9.2,1,7,0,0,,降水,工作日,2025-07
2025-07-30,29.8,2.2,0,11,2,7,0,0,,降水,工作日,2025-07
2025-07-31,25.7,28,0,25.1,3,7,0,0,,降水,工作日,2025-07
2025-08-01,20,12.5,0,22.2,4,8,0,0,,降水,工作日,2025-08
2025-08-02,21.6,0,0,10.7,5,8,1,0,,无明显降水,周末,2025-08
2025-08-03,22.6,0,0,11.6,6,8,1,0,,无明显降水,周末,2025-08
2025-08-04,24,0,0,6.7,0,8,0,0,,无明显降水,工作日,2025-08
2025-08-05,24.2,0.2,0,10.3,1,8,0,0,,无明显降水,工作日,2025-08
2025-08-06,22.7,0,0,13.1,2,8,0,0,,无明显降水,工作日,2025-08
2025-08-07,22.3,0,0,13.5,3,8,0,0,,无明显降水,工作日,2025-08
2025-08-08,21.7,0,0,11.4,4,8,0,0,,无明显降水,工作日,2025-08
2025-08-09,22.2,0,0,10.3,5,8,1,0,,无明显降水,周末,2025-08
2025-08-10,24,0,0,14.4,6,8,1,0,,无明显降水,周末,2025-08
2025-08-11,24.9,0,0,12.9,0,8,0,0,,无明显降水,工作日,2025-08
2025-08-12,25.3,0,0,16.2,1,8,0,0,,无明显降水,工作日,2025-08
2025-08-13,26,0.1,0,15.6,2,8,0,0,,无明显降水,工作日,2025-08
2025-08-14,26.6,6,0,7.5,3,8,0,0,,降水,工作日,2025-08
2025-08-15,26.3,0.1,0,13.9,4,8,0,0,,无明显降水,工作日,2025-08
2025-08-16,25.2,0.6,0,13.8,5,8,1,0,,无明显降水,周末,2025-08
2025-08-17,26,9,0,12.5,6,8,1,0,,降水,周末,2025-08
2025-08-18,21.1,0.1,0,22.2,0,8,0,0,,无明显降水,工作日,2025-08
2025-08-19,20.6,0,0,14.1,1,8,0,0,,无明显降水,工作日,2025-08
2025-08-20,19.1,6.7,0,20.7,2,8,0,0,,降水,工作日,2025-08
2025-08-21,18.4,3.3,0,24.4,3,8,0,0,,降水,工作日,2025-08
2025-08-22,21.2,0,0,14.3,4,8,0,0,,无明显降水,工作日,2025-08
2025-08-23,22,0,0,20.9,5,8,1,0,,无明显降水,周末,2025-08
2025-08-24,22.2,0,0,19.4,6,8,1,0,,无明显降水,周末,2025-08
2025-08-25,23.8,0.1,0,16.3,0,8,0,0,,无明显降水,工作日,2025-08
2025-08-26,21.3,0,0,13.2,1,8,0,0,,无明显降水,工作日,2025-08
2025-08-27,19.6,0,0,17.4,2,8,0,0,,无明显降水,工作日,2025-08
2025-08-28,20,0,0,15.2,3,8,0,0,,无明显降水,工作日,2025-08
2025-08-29,20.7,0,0,14.6,4,8,0,0,,无明显降水,工作日,2025-08
2025-08-30,18.7,0,0,16.5,5,8,1,0,,无明显降水,周末,2025-08
2025-08-31,19.4,0,0,14,6,8,1,0,,无明显降水,周末,2025-08
2025-09-01,19.9,0,0,14.7,0,9,0,1,Labor Day,无明显降水,节假日,2025-09
2025-09-02,19.6,0,0,11,1,9,0,0,,无明显降水,工作日,2025-09
2025-09-03,19.6,0,0,12.6,2,9,0,0,,无明显降水,工作日,2025-09
2025-09-04,20.9,1.5,0,23.4,3,9,0,0,,降水,工作日,2025-09
2025-09-05,23,4.6,0,20.6,4,9,0,0,,降水,工作日,2025-09
2025-09-06,23.6,17,0,16.1,5,9,1,0,,降水,周末,2025-09
2025-09-07,18.7,10.2,0,13.4,6,9,1,0,,降水,周末,2025-09
2025-09-08,18,0,0,14.4,0,9,0,0,,无明显降水,工作日,2025-09
2025-09-09,18.1,0,0,14.4,1,9,0,0,,无明显降水,工作日,2025-09
2025-09-10,18.5,4.1,0,17.9,2,9,0,0,,降水,工作日,2025-09
2025-09-11,20.5,0,0,9,3,9,0,0,,无明显降水,工作日,2025-09
2025-09-12,20.1,0,0,11.1,4,9,0,0,,无明显降水,工作日,2025-09
2025-09-13,20.3,0.1,0,13.9,5,9,1,0,,无明显降水,周末,2025-09
2025-09-14,21.2,0,0,7.1,6,9,1,0,,无明显降水,周末,2025-09
2025-09-15,21.1,0,0,11.4,0,9,0,0,,无明显降水,工作日,2025-09
2025-09-16,19.8,0,0,18.7,1,9,0,0,,无明显降水,工作日,2025-09
2025-09-17,19.1,7.5,0,17.2,2,9,0,0,,降水,工作日,2025-09
2025-09-18,21.4,0,0,8.3,3,9,0,0,,无明显降水,工作日,2025-09
2025-09-19,22.7,0,0,13.9,4,9,0,0,,无明显降水,工作日,2025-09
2025-09-20,18.5,0,0,15.7,5,9,1,0,,无明显降水,周末,2025-09
2025-09-21,17,0,0,12.5,6,9,1,0,,无明显降水,周末,2025-09
2025-09-22,17.4,0,0,10.4,0,9,0,0,,无明显降水,工作日,2025-09
2025-09-23,21.6,1.2,0,11.8,1,9,0,0,,降水,工作日,2025-09
2025-09-24,22.1,7.6,0,10.9,2,9,0,0,,降水,工作日,2025-09
2025-09-25,23.2,15.2,0,19.3,3,9,0,0,,降水,工作日,2025-09
2025-09-26,22.9,0,0,9.6,4,9,0,0,,无明显降水,工作日,2025-09
2025-09-27,21.6,1.7,0,8.3,5,9,1,0,,降水,周末,2025-09
2025-09-28,22.7,2.7,0,7.8,6,9,1,0,,降水,周末,2025-09
2025-09-29,21.1,0,0,13.3,0,9,0,0,,无明显降水,工作日,2025-09
2025-09-30,21.2,0,0,14,1,9,0,0,,无明显降水,工作日,2025-09
2025-10-01,17,0,0,19.1,2,10,0,0,,无明显降水,工作日,2025-10
2025-10-02,14.6,0,0,13.6,3,10,0,0,,无明显降水,工作日,2025-10
2025-10-03,16.1,0,0,10.2,4,10,0,0,,无明显降水,工作日,2025-10
2025-10-04,19,0,0,11.9,5,10,1,0,,无明显降水,周末,2025-10
2025-10-05,20.4,0,0,9.2,6,10,1,0,,无明显降水,周末,2025-10
2025-10-06,20,0,0,13.3,0,10,0,0,,无明显降水,工作日,2025-10
2025-10-07,21.4,0.3,0,19.2,1,10,0,0,,无明显降水,工作日,2025-10
2025-10-08,19.1,6.7,0,19.1,2,10,0,0,,降水,工作日,2025-10
2025-10-09,12.7,0,0,18.5,3,10,0,0,,无明显降水,工作日,2025-10
2025-10-10,12.2,0,0,12.6,4,10,0,0,,无明显降水,工作日,2025-10
2025-10-11,15.8,0.5,0,16.5,5,10,1,0,,无明显降水,周末,2025-10
2025-10-12,15.2,8.7,0,28.6,6,10,1,0,,降水,周末,2025-10
2025-10-13,13.7,23.6,0,33.1,0,10,0,1,Columbus Day,降水,节假日,2025-10
2025-10-14,14.1,0.2,0,21.8,1,10,0,0,,无明显降水,工作日,2025-10
2025-10-15,15.5,0,0,15.1,2,10,0,0,,无明显降水,工作日,2025-10
2025-10-16,11.8,0,0,22.5,3,10,0,0,,无明显降水,工作日,2025-10
2025-10-17,12,0,0,17.8,4,10,0,0,,无明显降水,工作日,2025-10
2025-10-18,12.9,0.1,0,9.8,5,10,1,0,,无明显降水,周末,2025-10
2025-10-19,16.3,0,0,22.7,6,10,1,0,,无明显降水,周末,2025-10
2025-10-20,16,5.5,0,28.6,0,10,0,0,,降水,工作日,2025-10
2025-10-21,14.3,0.1,0,15.4,1,10,0,0,,无明显降水,工作日,2025-10
2025-10-22,14.7,7.7,0,22.1,2,10,0,0,,降水,工作日,2025-10
2025-10-23,12.3,0,0,17.8,3,10,0,0,,无明显降水,工作日,2025-10
2025-10-24,10.9,0,0,13.2,4,10,0,0,,无明显降水,工作日,2025-10
2025-10-25,11,0,0,11.4,5,10,1,0,,无明显降水,周末,2025-10
2025-10-26,11.1,0.1,0,9.4,6,10,1,0,,无明显降水,周末,2025-10
2025-10-27,8.8,0,0,13,0,10,0,0,,无明显降水,工作日,2025-10
2025-10-28,9.2,0,0,23.3,1,10,0,0,,无明显降水,工作日,2025-10
2025-10-29,10.7,0.8,0,19.1,2,10,0,0,,无明显降水,工作日,2025-10
2025-10-30,13.9,34.1,0,32,3,10,0,0,,降水,工作日,2025-10
2025-10-31,12.5,5.4,0,33.3,4,10,0,0,,降水,工作日,2025-10
2025-11-01,11.4,0,0,25.8,5,11,1,0,,无明显降水,周末,2025-11
2025-11-02,9.6,0,0,8.6,6,11,1,0,,无明显降水,周末,2025-11
2025-11-03,10.8,0.3,0,20.7,0,11,0,0,,无明显降水,工作日,2025-11
2025-11-04,11.6,0,0,23.9,1,11,0,0,,无明显降水,工作日,2025-11
2025-11-05,12,0.1,0,27.4,2,11,0,0,,无明显降水,工作日,2025-11
2025-11-06,10.3,0.5,0,28.3,3,11,0,0,,无明显降水,工作日,2025-11
2025-11-07,9.5,0.8,0,23.5,4,11,0,0,,无明显降水,工作日,2025-11
2025-11-08,13.7,8.1,0,15.3,5,11,1,0,,降水,周末,2025-11
2025-11-09,12.3,6.2,0,15,6,11,1,0,,降水,周末,2025-11
2025-11-10,9.9,6.8,0,21.3,0,11,0,0,,降水,工作日,2025-11
2025-11-11,3.3,1.1,0,33.9,1,11,0,1,Veterans Day,降水,节假日,2025-11
2025-11-12,6.5,0,0,22.3,2,11,0,0,,无明显降水,工作日,2025-11
2025-11-13,8.5,0,0,24.1,3,11,0,0,,无明显降水,工作日,2025-11
2025-11-14,7.1,0,0,17.5,4,11,0,0,,无明显降水,工作日,2025-11
2025-11-15,6.6,2.9,0,15.1,5,11,1,0,,降水,周末,2025-11
2025-11-16,9.7,2.5,0,28.7,6,11,1,0,,降水,周末,2025-11
2025-11-17,5.2,0,0,32.9,0,11,0,0,,无明显降水,工作日,2025-11
2025-11-18,5.4,0,0,16.2,1,11,0,0,,无明显降水,工作日,2025-11
2025-11-19,4.9,4.6,0,9.5,2,11,0,0,,降水,工作日,2025-11
2025-11-20,4.2,0,0,9.1,3,11,0,0,,无明显降水,工作日,2025-11
2025-11-21,7.1,0,0,12.8,4,11,0,0,,无明显降水,工作日,2025-11
2025-11-22,8.1,4.9,0,11.7,5,11,1,0,,降水,周末,2025-11
2025-11-23,4.8,0,0,14,6,11,1,0,,无明显降水,周末,2025-11
2025-11-24,7.2,0,0,16.2,0,11,0,0,,无明显降水,工作日,2025-11
2025-11-25,8,8.2,0,15.5,1,11,0,0,,降水,工作日,2025-11
2025-11-26,12.5,4.9,0,16.2,2,11,0,0,,降水,工作日,2025-11
2025-11-27,6.3,0,0,22.1,3,11,0,1,Thanksgiving Day,无明显降水,节假日,2025-11
2025-11-28,3.3,0,0,31.1,4,11,0,0,,无明显降水,工作日,2025-11
2025-11-29,2.9,0,0,20,5,11,1,0,,无明显降水,周末,2025-11
2025-11-30,4.1,3.6,0,14.8,6,11,1,0,,降水,周末,2025-11
2025-12-01,3.6,0,0,18.6,0,12,0,0,,无明显降水,工作日,2025-12
2025-12-02,2,16.4,0,19.9,1,12,0,0,,降水,工作日,2025-12
2025-12-03,2.4,0,0,21.5,2,12,0,0,,无明显降水,工作日,2025-12
2025-12-04,1.6,0,0,23.1,3,12,0,0,,无明显降水,工作日,2025-12
2025-12-05,-3.1,0,0,17.6,4,12,0,0,,无明显降水,工作日,2025-12
2025-12-06,1.1,0.3,0.21,11.7,5,12,1,0,,降雪,周末,2025-12
2025-12-07,2.4,0,0,11.9,6,12,1,0,,无明显降水,周末,2025-12
2025-12-08,-1.3,0,0,19.7,0,12,0,0,,无明显降水,工作日,2025-12
2025-12-09,-3.7,0,0,19.1,1,12,0,0,,无明显降水,工作日,2025-12
2025-12-10,2.9,3.5,0,18.5,2,12,0,0,,降水,工作日,2025-12
2025-12-11,1.2,0,0,29.3,3,12,0,0,,无明显降水,工作日,2025-12
2025-12-12,-1.4,0,0,20.3,4,12,0,0,,无明显降水,工作日,2025-12
2025-12-13,-0.4,0.9,0.21,14.5,5,12,1,0,,降雪,周末,2025-12
2025-12-14,-1.9,11,7.7,22,6,12,1,0,,降雪,周末,2025-12
2025-12-15,-5.4,0,0,19.6,0,12,0,0,,无明显降水,工作日,2025-12
2025-12-16,-4,0,0,12.3,1,12,0,0,,无明显降水,工作日,2025-12
2025-12-17,0.2,0,0,15.7,2,12,0,0,,无明显降水,工作日,2025-12
2025-12-18,2.8,0,0,10.7,3,12,0,0,,无明显降水,工作日,2025-12
2025-12-19,8.8,14.1,0,34,4,12,0,0,,降水,工作日,2025-12
2025-12-20,0.4,0,0,25.8,5,12,1,0,,无明显降水,周末,2025-12
2025-12-21,2.8,0,0,23.2,6,12,1,0,,无明显降水,周末,2025-12
2025-12-22,-0.3,0,0,14.9,0,12,0,0,,无明显降水,工作日,2025-12
2025-12-23,1.9,2.8,1.4,12.7,1,12,0,0,,降雪,工作日,2025-12
2025-12-24,3.8,0,0,28.6,2,12,0,0,,无明显降水,工作日,2025-12
2025-12-25,2.5,0,0,23.5,3,12,0,1,Christmas Day,无明显降水,节假日,2025-12
2025-12-26,-3.9,8,5.39,15.5,4,12,0,0,,降雪,工作日,2025-12
2025-12-27,-3.2,8.3,5.74,17.1,5,12,1,0,,降雪,周末,2025-12
2025-12-28,-4.2,0.9,0,10,6,12,1,0,,无明显降水,周末,2025-12
2025-12-29,3.9,5.4,0,31.4,0,12,0,0,,降水,工作日,2025-12
2025-12-30,-0.9,0,0,31,1,12,0,0,,无明显降水,工作日,2025-12
2025-12-31,-2,0,0,18.2,2,12,0,0,,无明显降水,工作日,2025-12
