feature,gain,model
zone_id,4576462.7332058,lgbm_63
hour,3783821.21766281,lgbm_63
weekday,1308073.33423948,lgbm_63
month,290165.170787811,lgbm_63
is_weekend,7661.22696876526,lgbm_63
is_holiday,433621.215301991,lgbm_63
lag_1,69065229.2065268,lgbm_63
lag_2,410822.97289753,lgbm_63
lag_24,7603243.14073563,lgbm_63
lag_168,1233959969.79284,lgbm_63
roll_mean_3,5765739.95577765,lgbm_63
roll_mean_24,16574972.4380646,lgbm_63
roll_mean_168,5700298.4564333,lgbm_63
roll_std_24,308385.133812428,lgbm_63
roll_std_168,143839.018359661,lgbm_63
