feature,gain,model,fold
zone_id,3351417.29428577,lgbm_63,9
hour,2677879.44496393,lgbm_63,9
weekday,945559.458210707,lgbm_63,9
month,208007.161360741,lgbm_63,9
is_weekend,3246.42171955109,lgbm_63,9
is_holiday,283840.145573854,lgbm_63,9
lag_1,46278460.7153902,lgbm_63,9
lag_2,270074.862215519,lgbm_63,9
lag_24,5284634.65455389,lgbm_63,9
lag_168,863963838.785717,lgbm_63,9
roll_mean_3,3645602.24326587,lgbm_63,9
roll_mean_24,12089764.6943755,lgbm_63,9
roll_mean_168,3985003.66013145,lgbm_63,9
roll_std_24,192415.866027355,lgbm_63,9
roll_std_168,135877.493817329,lgbm_63,9
