hour,day_type,trips,fare_n,fare_sum,total_charge_sum,efficiency_n,distance_km_sum,duration_min_sum,speed_kmh_sum,tip_n,tip_sum,tip_fare_sum,flagged_n,avg_fare,avg_total_charge,avg_distance_km,avg_duration_min,avg_speed_kmh,tip_rate,flag_rate
0,周末,822621,747121,14253875.25,19972497.69,786192,4321660.85835264,11684224.6333333,15758118.1409772,419577,1589162.29,7255493.47,83973,19.0784026282222,26.7326145162564,5.49695349018133,14.8617953799242,20.0436002159487,0.219028836091007,0.102079815613752
0,工作日,669230,598533,13778926.51,19379506.01,651898,5191518.41974656,10040491.3166667,17448964.4123473,368033,1912033.42,8947188.38,78196,23.0211642632904,32.3783417288604,7.96369741853259,15.40193606464,26.7664027383843,0.213702152988535,0.116844732005439
0,节假日,45350,38713,829824.69,1159030.91,44343,327739.62253824,675809.933333333,1140981.44924516,21556,104687.73,490698.06,7027,21.4352979619249,29.9390620721721,7.39101149083824,15.2405099639928,25.7308131891203,0.213344495390913,0.154950385887541
1,周末,650267,590894,10463310.4,14820188.46,616056,3213365.62580352,8428084.7,12765463.2030017,335215,1157499.39,5304497.8,68432,17.7075929016033,25.0809594614262,5.21602845488644,13.680711980729,20.7212707984367,0.218210928469044,0.105236771972128
1,工作日,330875,293889,6540175.62,9120369.89,321041,2535592.283136,4639477.65,9026710.35983166,175760,858084.71,4083537.43,41253,22.2538972877515,31.033382977927,7.89803259750624,14.451355590096,28.1170017531457,0.210132691253426,0.124678503966755
1,节假日,32486,28141,579301.48,809333.11,31776,224409.43793664,466774.35,820481.485033151,15100,69667.22,325029.49,4695,20.5856749937813,28.7599271525532,7.06223054936556,14.6895251132931,25.8207919509426,0.21434122792981,0.144523794865481
2,周末,464064,419449,7210469.57,10242962.62,448500,2363873.55633792,5906227.21666667,9749755.61086038,236102,781430.12,3597336.8,50632,17.1903367751503,24.4200430088044,5.27062108436548,13.1688455221107,21.7385855314613,0.217224620169009,0.109105640601296
2,工作日,180381,159603,3249117.28,4533265.51,174542,1275754.4281152,2381783.58333333,4879198.7194368,89209,388494.92,1835889.39,23271,20.3574950345545,28.4033853373683,7.30915440475759,13.6459051880541,27.9542959255469,0.211611288847854,0.129010261612919
2,节假日,22401,19382,378637.17,526477.68,21807,147539.08958976,308774.566666667,561126.046352706,10029,42211.84,198992.22,3325,19.5355056237746,27.1632277370756,6.76567568165085,14.1594243438651,25.7314645000553,0.212128092244008,0.148430873621713
3,周末,318376,286171,5115159.91,7156479.2,300140,1751500.94435712,3963331.95,7162409.34204448,152294,516801.65,2418043.84,36790,17.8744873170237,25.0077023877332,5.83561319503272,13.2049441927101,23.8635614781251,0.21372716302778,0.115555192602457
3,工作日,122018,107338,2299091.25,3145963.79,117765,917414.59392,1667674.13333333,3420226.16280532,53841,238316.29,1195676.56,16018,21.4191735452496,29.3089473439043,7.79021435842568,14.161033697052,29.0428069698579,0.199315013752549,0.131275713419332
3,节假日,15539,13188,248931.62,344893.97,15097,102893.07067776,208321.383333333,398252.965265788,6492,26247.97,124434.42,2483,18.8756157112527,26.1521057021535,6.81546470674704,13.7988595968294,26.3796095426766,0.210938179323695,0.159791492374027
4,周末,204153,183668,3920063.98,5223361.6,191277,1344600.5550912,2676802.55,5129970.43797532,79557,323495.98,1589139.63,23618,21.3432061110264,28.4391488991005,7.02959872379429,13.9943775257872,26.8195885442333,0.203566743848682,0.115687743995925
4,工作日,143336,127874,3404275.69,4510429.83,139110,1351966.23289728,2298983.31666667,4474809.50154385,55627,302131.66,1741306.63,16982,26.6221099676244,35.2724543691446,9.71868473076903,16.5263698991206,32.1674178818478,0.173508591074508,0.118476865546688
4,节假日,12360,10870,257986.68,346451.37,12024,100158.8113152,176671.983333333,360678.277814899,4679,24258.71,121536.03,1604,23.7338252069917,31.872251149954,8.32990779401198,14.6932787203371,29.9965300910595,0.199600974295441,0.129773462783172
5,周末,107987,95379,2516590.77,3275741.83,100733,945968.95920384,1584779.6,3246048.79315767,35975,212440.33,1113302.69,13549,26.3851662315604,34.3444765619266,9.39085462761796,15.7324769440005,32.2242839303671,0.190819919783002,0.125468806430404
5,工作日,265924,239683,6229063.33,8311592.86,260003,2487309.96754944,4601960.36666667,7829167.80897531,125595,598323.76,3688447.35,28114,25.9887573586779,34.6774400353801,9.56646641596228,17.6996433374487,30.1118364364077,0.162215616280926,0.10572193559062
5,节假日,10431,8891,244662.4,324883.35,10107,98127.36857088,158564.483333333,332748.854457914,3814,24274.45,125254.42,1651,27.5179844786863,36.540698459116,9.70885213919858,15.6885805217506,32.922613481539,0.193801144901713,0.158278209184163
6,周末,140432,124746,3116558.52,4069358.99,133516,1213962.47432064,2030223.05,4310335.64120459,52389,285536.11,1472620.43,16201,24.9832340916743,32.6211581132862,9.092262158248,15.205840873004,32.2832892028266,0.193896610547499,0.115365443773499
6,工作日,600902,552471,12253702.37,16411528.55,588231,4590782.45923968,10653397.8,14350706.252945,322814,1249365.82,7359552.23,55277,22.1798110127047,29.7056832847335,7.80438715273367,18.1109084696318,24.3963787235712,0.169761118741323,0.0919900416374051
6,节假日,15461,13508,318090.33,426899.68,14966,125475.78802176,223044.8,447843.504668989,6721,33752.88,173657.55,2200,23.5482921231863,31.6034705359787,8.38405639594815,14.9034344514232,29.9240615173719,0.194364598602249,0.142293512709398
7,周末,188667,170577,3959885.93,5315047.45,179915,1501399.93880448,2694023.88333333,5390788.87634919,92724,443122.55,2293156.8,19417,23.2146533823435,31.1592269180487,8.34505148989512,14.973870346182,29.9629762740694,0.193236916899882,0.102916779298977
7,工作日,1168897,1092171,21682179.72,29847400.06,1144061,6919919.62890624,20305259.0666667,22016409.5673189,696992,2588733.98,13206544.86,93751,19.8523671842596,27.3285044741162,6.0485582752198,17.7484059562092,19.2440871311223,0.196019019921006,0.0802046715835527
7,节假日,21819,19865,427125.71,595559.4,21198,156002.05032192,310060.116666667,563876.756227832,12678,58296.68,286262.91,2303,21.5014200855776,29.9803372766172,7.3592815511803,14.6268570934365,26.6004696776975,0.20364733943353,0.105550208533847
8,周末,277934,254858,5202095.82,7185287.98,266501,1846078.71161472,3812417.25,6909009.41281554,157784,652498.21,3297782.33,25852,20.4117423035573,28.193299719844,6.9270986285782,14.3054519495236,25.9248911366769,0.197859696215911,0.0930148884267488
8,工作日,1557445,1459157,28144649.73,39152642.49,1522545,7924056.5245248,27049476.1166667,24631668.7817923,959321,3572358.46,17365037.39,123913,19.2882943576325,26.8323713555155,5.20448100024945,17.7659616738203,16.177957815232,0.205721322665116,0.079561718070301
8,节假日,29517,27238,538186.72,767160.64,28807,182331.030816,422446.933333333,671851.302804288,18589,79852.1,376961.6,2729,19.7586724429106,28.1650870107937,6.32940017412434,14.6647319517247,23.3225015726833,0.211830860225551,0.0924551953111766
9,周末,418676,386268,7172359.12,10122863.61,401904,2387397.2893056,5576372.25,9236252.51143082,251289,964157.56,4636107.05,36517,18.5683492290327,26.2068398365901,5.94021778659979,13.8748861668458,22.9812405734474,0.207967061502603,0.087220189358836
9,工作日,1538429,1448723,27796610.65,39459260.74,1501188,7559874.48192768,26898354.25,23082051.0339306,1041610,4109458.1,19566755.46,113704,19.1869740799311,27.2372708516397,5.03592786641492,17.9180450749673,15.3758563443957,0.210022459185985,0.0739091631788012
9,节假日,37390,34525,651338.8,938511.71,36425,212225.5612224,532238.966666667,793534.284166974,24085,99728.76,464832.71,3415,18.8657146994931,27.1835397538016,5.82637093266712,14.6119139784946,21.7854299016328,0.214547638009382,0.0913345814388874
10,周末,545577,506438,9125995.63,13045301.58,523709,2880849.37371264,7418301.25,10929829.8994172,340234,1297948.39,6027177.89,44886,18.019966175524,25.7589311623535,5.50085901466776,14.1649298560842,20.8700440500682,0.215349275181257,0.0822725298170561
10,工作日,1488256,1407910,27592876.01,39441528.62,1452179,7404361.30203264,26936057.0333333,21605077.0933253,1059806,4397249.18,20797578.13,98871,19.5984658181276,28.014239986931,5.09879381400822,18.5487168133772,14.8776955825179,0.211430828749097,0.066434134987529
10,节假日,44989,41673,794175.23,1144930.91,43905,254060.07225984,656607.2,924879.358597392,29126,123216.89,565920.6,3920,19.057308809061,27.4741657668034,5.78658631727229,14.9551805033595,21.0654676824369,0.217728229013045,0.087132410144702
11,周末,634915,590859,10844368.18,15479217.72,609046,3239968.1143104,9207897.18333333,11567080.0109276,402824,1582367.53,7255778.42,51050,18.3535635066911,26.1978199875097,5.31974286722251,15.1185578483946,18.99212869131,0.218083772464485,0.0804044635896144
11,工作日,1541988,1457343,29118704.61,41496889.93,1504668,7666109.46807552,28684723.1,21510397.0907282,1102538,4697893.99,22195197.73,100903,19.9806803271433,28.4743467598225,5.09488436523906,19.0638221188993,14.2957762713956,0.211662632932984,0.0654369554108074
11,节假日,52840,48742,934562.4,1338960.65,51594,294957.22088448,796333.716666667,1020586.81467146,33538,143664.96,658300.72,4684,19.1736572155431,27.470367444914,5.7168899655867,15.4346186895117,19.7811143673967,0.21823606694521,0.0886449659348978
12,周末,711787,662054,12614600.81,17894293.9,681963,3656008.43486208,10962147.4333333,12279353.2343333,454225,1842771.38,8530577.82,57773,19.0537340005498,27.028450700396,5.36100702657194,16.0744020325638,18.0058936252162,0.216019526330281,0.081166135374768
12,工作日,1657759,1562803,31612772.3,44983858.18,1616573,8428458.2475456,30869215.7166667,23333899.6927502,1176065,5090444.36,24043006.23,111782,20.2282516094479,28.7840874249666,5.21378140519828,19.0954665930129,14.4341763055242,0.211722457304375,0.0674295841554774
12,节假日,60356,55680,1080549.86,1543936.3,58776,337108.49910144,921390.483333333,1142692.08025754,38030,164513.53,754071.6,5502,19.4064270833333,27.7287410201149,5.73547875155574,15.6763046708407,19.4414740754311,0.218166988386779,0.0911591225395984
13,周末,758064,704291,14044586.47,19787780.83,725681,4002646.47133824,12367167.4,12600955.4763779,483506,2049267.46,9539306.69,62291,19.9414538450726,28.0960296667145,5.51571072046566,17.0421540594283,17.364317759977,0.214823521938784,0.082171162329302
13,工作日,1723636,1620916,33334960.28,47421289.58,1680905,9017497.96257024,32485866.8166667,24543713.6801052,1216606,5402049.35,25263451.86,118956,20.5655075771971,29.2558587736811,5.36466841527049,19.3264145306645,14.6014876986535,0.213828631967477,0.0690145715220615
13,节假日,66205,60924,1200589.87,1705791.2,64614,372848.85893376,1043806.06666667,1219485.81195016,41259,179525.69,827715.78,6051,19.7063533254547,27.9986737574683,5.7704036111951,16.1544876755296,18.873399138734,0.216892917034879,0.091397930669889
14,周末,771878,717753,15115421.76,21211291.9,737924,4354476.8148288,13356177.4166667,12708938.0616824,499641,2240379.17,10495405.67,63055,21.0593640987916,29.5523556153719,5.90098277712718,18.0996652997689,17.2225568780557,0.213462846548551,0.0816903707580732
14,工作日,1893223,1776488,37935802.66,53716642.86,1846470,10367213.9784998,37980453.85,26370596.8584354,1329406,6113642.24,28617190.58,135017,21.3543816001009,30.2375489505136,5.61461273592305,20.569223355917,14.2816275695979,0.213635305076827,0.0713159516866212
14,节假日,68926,63247,1322061.75,1865006.67,67212,420455.82940416,1148882.98333333,1286341.43350239,43207,198855.29,929147.81,6524,20.9031535092574,29.4876700871188,6.25566609242635,17.0934205697395,19.1385680161636,0.21401900522157,0.0946522357310739
15,周末,778729,724173,15492216.5,21662166.27,744516,4431939.852384,13796164.5833333,12587888.3051535,508969,2304551.8,10854405.31,63535,21.3929772305789,29.9129714446686,5.9527798628693,18.5303802515102,16.907478556745,0.21231488360554,0.0815880749272212
15,工作日,1996773,1869820,39810379.16,56229639.8,1946065,10470426.2142797,40620764.6833333,26595630.6909229,1396836,6316632.24,29731752.89,148769,21.2910222160422,30.0722207485212,5.38030652330713,20.8732825899101,13.6663629893775,0.212454081108838,0.0745047133549983
15,节假日,71909,65787,1370090.84,1935089.81,70152,434251.35148032,1209842,1316979.65855769,45659,208968.02,982466.79,6908,20.8261638317601,29.4144710961132,6.19014926845022,17.2460086668947,18.7732303933985,0.212697286185114,0.0960658610187876
16,周末,814077,753708,16098234.02,22530653.11,779022,4569140.1298752,14533835.2,12923037.353762,531136,2414448.49,11276502.48,68129,21.3587145419712,29.8930794286381,5.86522605250583,18.6565144501696,16.5887964059577,0.214113240721781,0.0836886437032369
16,工作日,2041980,1905409,40794827.55,61981099.12,1836673,10037538.5404378,37996386.15,25531670.9868926,1432477,6971676.91,30453527.8,276962,21.4100109477808,32.5290261146032,5.46506565972155,20.687616222376,13.9010433467975,0.228928384119754,0.135634041469554
16,节假日,72336,66245,1372054.43,1966834.67,69238,424337.67978624,1197479.31666667,1285282.04502767,46539,214614.27,987057.09,7793,20.7118187032984,29.690311268775,6.12868193457697,17.2951170840675,18.5632462669006,0.217428426556361,0.107733355452334
17,周末,850424,781832,16303104.15,22743859.55,814887,4580615.50898688,14790962.7333333,13443699.6671316,533031,2345778.25,10911600.4,76273,20.8524390789837,29.0904689882225,5.62116650405133,18.150937164703,16.4976244155712,0.214980219583554,0.0896882025907077
17,工作日,2360830,2194742,44004045.83,67408092.51,2081485,10206591.9682637,39365049.25,28871526.0346272,1621301,7385504.88,31424715.83,363832,20.0497579351013,30.7134471887812,4.903514542869,18.9120023685013,13.8706385271223,0.235022169172627,0.15411190132284
17,节假日,73072,66081,1322770.53,1893283.4,70081,416272.87075968,1169642.01666667,1309416.61795121,45216,200514.07,917384.02,8572,20.0174109047987,28.6509495921672,5.93988200453304,16.6898591154046,18.6843312445772,0.21857157485695,0.11730895555069
18,周末,876765,801989,16139388.72,22511138.68,841203,4570275.05535744,14603306.5,14090239.5278373,527941,2234861.75,10353427.31,82256,20.1242021025226,28.0691364594776,5.43302277257385,17.3600266523063,16.7501061311447,0.215857192317507,0.0938176136136821
18,工作日,2516755,2329579,43525177.07,67537550.93,2189042,9978254.41130496,36300461.4166667,32141769.4537491,1689154,7307160.37,30168416.66,422078,18.6837094041456,28.9913117048188,4.55827453804219,16.5828071899336,14.6830300440782,0.242212259673823,0.167707226170207
18,节假日,73148,66007,1245375.79,1799885.91,70509,400315.1467392,1093797.8,1350133.81106481,44898,190576.91,857557.65,8541,18.8673290711591,27.2681065644553,5.67750424398587,15.5128820434271,19.1483897242169,0.222232184623389,0.116763274457265
19,周末,818264,745831,14999715.47,20881408.97,785086,4374877.06858752,13388731.7166667,13646089.4328568,482848,2046668.45,9506189.28,79340,20.1114132692259,27.9975074380121,5.57248131871861,17.0538408743331,17.3816491860215,0.215298516547106,0.0969613718799801
19,工作日,2180210,2018677,37262354.14,58222044.93,1965757,9643470.078528,30800660.6666667,32327756.7472599,1474341,6407573.29,26435919.61,311249,18.4587995702136,28.8416843952747,4.90572846925027,15.6686002729059,16.4454491309251,0.242381327547092,0.142761018434004
19,节假日,67559,60868,1176461.27,1697322.01,65174,395851.00351104,1006766,1320938.26057053,41739,181872.72,821806.11,7874,19.3280750147861,27.885292928961,6.07375645980053,15.4473563077301,20.2678715526212,0.221308551721525,0.116549978537279
20,周末,715866,653530,13226755.35,18907193.8,686199,4077152.58069504,11414128.1,12909898.4795435,427598,1889693.87,8523374.41,67623,20.2389413645892,28.9308735635701,5.94164751142896,16.6338454296786,18.8136363934419,0.221707246343998,0.0944632095950918
20,工作日,2042573,1887758,35365968.13,52623798.15,2001252,10924814.3699059,30663735.45,37480470.0799832,1361629,5851949.48,25164518.16,171090,18.7343759793363,27.8763475773907,5.45898985730229,15.3222759802364,18.7285109921105,0.232547646761697,0.0837620001831024
20,节假日,62343,56147,1109551.92,1614329.29,60925,391519.29320064,936855.933333333,1312256.59408752,38087,171231.53,766385.3,6721,19.7615530660587,28.7518351826456,6.4262501961533,15.3772003829845,21.5388854179321,0.223427471795192,0.1078068107085
21,周末,702056,642852,13056014.37,18739257.38,675351,4122022.73294592,11060489.05,13335951.3864173,427618,1910350.6,8557765.15,63851,20.309518162812,29.1501891259574,6.10352651131918,16.377393459105,19.7466967346125,0.223230080110343,0.0909485852980389
21,工作日,2133993,1964675,37367969.94,55094438.71,2091949,11508578.124215,31665330.9333333,40588768.43622,1378689,5980755.26,25627280.74,187162,19.0199243844402,28.0425203710537,5.50136648848277,15.1367604723315,19.4023699603671,0.233374555836703,0.0877050674486749
21,节假日,59810,53922,1074880.9,1568568.3,58532,386076.00898944,890940.2,1315782.19784244,36319,168025.03,741147.63,6341,19.9339954007641,29.0895793924558,6.59598183881364,15.221420761293,22.4797067901736,0.226709258990682,0.1060190603578
22,周末,718889,655182,13681792.97,19330537.87,695942,4369117.37125248,11512042.7,14134780.6225145,410641,1849847.63,8400719.65,68853,20.8824310954819,29.5040734788196,6.2779906533195,16.5416697081079,20.3102853722214,0.220201090748219,0.095776955830455
22,工作日,1953461,1781605,35404670.29,51213003.94,1914763,11162175.824448,29798905.1666667,38373135.9475604,1182741,5223262.58,22882841.99,189486,19.8723456041042,28.7454311926606,5.82953390286317,15.5627120258051,20.0406713246289,0.228261095465441,0.0970001448710775
22,节假日,53036,47017,1031735.21,1461399.67,51909,387538.90268544,838408.85,1259823.10069733,29284,146065.44,667464.18,6329,21.9438758321458,31.0823674415637,7.46573624391608,16.1515122618428,24.269839540298,0.218836372612535,0.119334037257712
23,周末,668421,606829,13206662.11,18282632.88,642949,4215620.53845504,10399104.2666667,13962161.1477909,346567,1571122.03,7334340,68602,21.7633997551205,30.1281462817367,6.55669506983453,16.1740733194494,21.7158143924182,0.21421450737217,0.102632921467159
23,工作日,1442397,1305787,26976428.73,38487223.84,1411611,9088146.49045248,22069979.1833333,30814798.9731346,815935,3714063.59,16762476.41,151239,20.6591340930795,29.4743505946988,6.438138049684,15.6346041390534,21.8295259622761,0.221570100929974,0.104852547530257
23,节假日,39902,34778,831745.98,1147739.89,38993,327226.49929728,640979.333333333,1053135.14416023,19681,106101.18,500978.4,5447,23.9158657772155,33.001894588533,8.3919293026256,16.4383179886988,27.0083128807793,0.211787933371978,0.136509448147963
