month_label,trips,fare_n,fare_sum,total_charge_sum,efficiency_n,distance_km_sum,duration_min_sum,speed_kmh_sum,tip_n,tip_sum,tip_fare_sum,flagged_n,avg_fare,avg_total_charge,avg_distance_km,avg_duration_min,avg_speed_kmh,tip_rate,flag_rate
2025-01,3465683,3265934,58807217.25,87699275.34,3372327,17226184.82112,49511706.5166667,61665980.1247236,2436934,9997553.84,43803290.19,240448,18.0062479064182,26.852739626704,5.10810037731216,14.6817632206683,18.2858839385159,0.22823750902352,0.0693796864860404
2025-02,3568877,3332494,60248026.34,88725920.95,3463597,17426341.2357619,52249399.7,61717767.6895943,2329325,9468649.63,41557096.62,286564,18.0789601841744,26.6244803291469,5.03128430812301,15.0852999641702,17.8189805827856,0.22784675543101,0.0802952861642472
2025-03,4135989,3859564,74203913.96,107984570.98,3892191,20832899.1780096,61266813.9833333,70742392.5483642,2696899,11465272.96,50811453.45,335823,19.225983546328,27.9784377147263,5.35248634458319,15.7409577236403,18.1754678915717,0.225643475664048,0.0811953319991905
2025-04,3961555,3703964,71681903.18,104881482.61,3834977,20827080.9327398,62849029.6,68186155.6510363,2679730,11502699.93,51130159.07,316961,19.3527537470667,28.3160102554992,5.43082290525858,16.3883719771983,17.7800689941651,0.224968983848694,0.0800092387963817
2025-05,4582134,4179940,85201634.93,122323593,4377272,25130119.4279309,78114788.3,76942554.9049001,2834506,12689217.29,57278902.38,521496,20.3834588367297,29.2644375278114,5.74104589066681,17.8455413097473,17.5777413203703,0.221533876571467,0.113810726617772
2025-06,4314345,3965797,82443424.78,116861165.19,4111752,23947066.8030528,71607210.7,74802938.2902938,2588456,11499569.68,52024387.78,475465,20.7886144399222,29.4672584577577,5.82405427249815,17.415255273178,18.1924732547814,0.221041903051877,0.11020560479053
2025-07,3890590,3569233,72928924.12,103609686.33,3711780,21757280.5738253,63578240.7833333,68572793.8015621,2337366,10158782.72,46851578.2,424648,20.432659935622,29.0285577685738,5.86168376730983,17.1287740069006,18.474369117125,0.216829039923355,0.109147455784341
2025-08,3566467,3230093,65271834.49,93428541.42,3414519,21152195.7956813,58910304.75,65656728.729754,2176960,9453536.34,44652555.26,414346,20.2074164706713,28.9244122135183,6.194780522727,17.2528853258687,19.2286904040522,0.211713221896363,0.116178279513031
2025-09,4242793,3914048,81989484.63,116482732.81,4061292,23801635.5839539,75471038.4166667,70460168.2219159,2669886,11811267.12,55278639.87,434059,20.9474908406846,29.7601697296507,5.86060681772055,18.5830121096111,17.3492002598966,0.213667831693703,0.102305014644834
2025-10,4420144,4029772,81748145.48,118449727.12,4226553,24503187.1612493,79104422.1333333,71808914.9231573,2911805,12900555.85,60118869.67,507016,20.2860473197987,29.3936548072695,5.79743993775762,18.716060613302,16.9899478187443,0.214584138404677,0.114705765242037
2025-11,4173385,3725209,72788762.78,106031880.9,3852881,22096930.8386534,70990954.2666667,66044585.5674115,2697950,11628732.27,54804054.87,557683,19.5395111468914,28.4633374664348,5.73517086010532,18.4254209425795,17.1416105421921,0.212187443020126,0.133628457475167
2025-12,4297383,4194797,95391374.27,132563288.55,4087011,23211143.6773709,77321919.9,68635306.344447,2612519,11568246.07,54455937.35,278503,22.7404029968554,31.6018364059095,5.67924668599396,18.9189409815633,16.7935213153199,0.212433145639352,0.0648075817305555
