zone_id,dropoff_zone_id,trips,efficiency_n,duration_min_sum,pickup_zone,dropoff_zone,avg_duration_min
237,236,302260,293264,2179859.48333333,Upper East Side South,Upper East Side North,7.43309606134178
236,237,259469,250378,2029117.08333333,Upper East Side North,Upper East Side South,8.10421476061529
237,237,215715,201639,1159701.25,Upper East Side South,Upper East Side South,5.75137374218281
236,236,197782,185043,893579.833333333,Upper East Side North,Upper East Side North,4.8290388360183
161,237,143047,139360,1419591.36666666,Midtown Center,Upper East Side South,10.186505214313
237,161,133753,129640,1357913.96666667,Upper East Side South,Midtown Center,10.4744983544174
161,236,115424,112267,1594627.05,Midtown Center,Upper East Side North,14.2038804813525
132,132,108207,63306,423735.65,JFK Airport,JFK Airport,6.69345164755316
237,162,107294,104144,937958.933333333,Upper East Side South,Midtown East,9.00636554514262
142,239,105422,102369,636566.35,Lincoln Square East,Upper West Side South,6.21835077025271
