date,budget,strategy,strategy_label,actual,allocation,served,uncovered,idle
2025-12-01,500,forecast,选定预测方案分配,125102,12000,11573,113529,427
2025-12-01,500,history,四周历史均值分配,125102,12000,11659,113443,341
2025-12-01,500,uniform,均匀分配,125102,12000,6698,118404,5302
2025-12-01,1000,forecast,选定预测方案分配,125102,24000,22214,102888,1786
2025-12-01,1000,history,四周历史均值分配,125102,24000,22129,102973,1871
2025-12-01,1000,uniform,均匀分配,125102,24000,11162,113940,12838
2025-12-01,2000,forecast,选定预测方案分配,125102,48000,41447,83655,6553
2025-12-01,2000,history,四周历史均值分配,125102,48000,41100,84002,6900
2025-12-01,2000,uniform,均匀分配,125102,48000,17761,107341,30239
2025-12-02,500,forecast,选定预测方案分配,146290,12000,11487,134803,513
2025-12-02,500,history,四周历史均值分配,146290,12000,11443,134847,557
2025-12-02,500,uniform,均匀分配,146290,12000,6453,139837,5547
2025-12-02,1000,forecast,选定预测方案分配,146290,24000,21874,124416,2126
2025-12-02,1000,history,四周历史均值分配,146290,24000,21690,124600,2310
2025-12-02,1000,uniform,均匀分配,146290,24000,10803,135487,13197
2025-12-02,2000,forecast,选定预测方案分配,146290,48000,41037,105253,6963
2025-12-02,2000,history,四周历史均值分配,146290,48000,40683,105607,7317
2025-12-02,2000,uniform,均匀分配,146290,48000,17405,128885,30595
2025-12-03,500,forecast,选定预测方案分配,150238,12000,11630,138608,370
2025-12-03,500,history,四周历史均值分配,150238,12000,11603,138635,397
2025-12-03,500,uniform,均匀分配,150238,12000,6502,143736,5498
2025-12-03,1000,forecast,选定预测方案分配,150238,24000,22154,128084,1846
2025-12-03,1000,history,四周历史均值分配,150238,24000,22109,128129,1891
2025-12-03,1000,uniform,均匀分配,150238,24000,10930,139308,13070
2025-12-03,2000,forecast,选定预测方案分配,150238,48000,41469,108769,6531
2025-12-03,2000,history,四周历史均值分配,150238,48000,41351,108887,6649
2025-12-03,2000,uniform,均匀分配,150238,48000,17712,132526,30288
2025-12-04,500,forecast,选定预测方案分配,170870,12000,11836,159034,164
2025-12-04,500,history,四周历史均值分配,170870,12000,11796,159074,204
2025-12-04,500,uniform,均匀分配,170870,12000,6685,164185,5315
2025-12-04,1000,forecast,选定预测方案分配,170870,24000,22804,148066,1196
2025-12-04,1000,history,四周历史均值分配,170870,24000,22722,148148,1278
2025-12-04,1000,uniform,均匀分配,170870,24000,11272,159598,12728
2025-12-04,2000,forecast,选定预测方案分配,170870,48000,42767,128103,5233
2025-12-04,2000,history,四周历史均值分配,170870,48000,42528,128342,5472
2025-12-04,2000,uniform,均匀分配,170870,48000,18377,152493,29623
2025-12-05,500,forecast,选定预测方案分配,169951,12000,11918,158033,82
2025-12-05,500,history,四周历史均值分配,169951,12000,11892,158059,108
2025-12-05,500,uniform,均匀分配,169951,12000,6935,163016,5065
2025-12-05,1000,forecast,选定预测方案分配,169951,24000,23495,146456,505
2025-12-05,1000,history,四周历史均值分配,169951,24000,23438,146513,562
2025-12-05,1000,uniform,均匀分配,169951,24000,11832,158119,12168
2025-12-05,2000,forecast,选定预测方案分配,169951,48000,44672,125279,3328
2025-12-05,2000,history,四周历史均值分配,169951,48000,44574,125377,3426
2025-12-05,2000,uniform,均匀分配,169951,48000,19438,150513,28562
2025-12-06,500,forecast,选定预测方案分配,168108,12000,11938,156170,62
2025-12-06,500,history,四周历史均值分配,168108,12000,11936,156172,64
2025-12-06,500,uniform,均匀分配,168108,12000,6582,161526,5418
2025-12-06,1000,forecast,选定预测方案分配,168108,24000,23587,144521,413
2025-12-06,1000,history,四周历史均值分配,168108,24000,23585,144523,415
2025-12-06,1000,uniform,均匀分配,168108,24000,11147,156961,12853
2025-12-06,2000,forecast,选定预测方案分配,168108,48000,45435,122673,2565
2025-12-06,2000,history,四周历史均值分配,168108,48000,45418,122690,2582
2025-12-06,2000,uniform,均匀分配,168108,48000,18541,149567,29459
2025-12-07,500,forecast,选定预测方案分配,140810,12000,11958,128852,42
2025-12-07,500,history,四周历史均值分配,140810,12000,11952,128858,48
2025-12-07,500,uniform,均匀分配,140810,12000,6633,134177,5367
2025-12-07,1000,forecast,选定预测方案分配,140810,24000,23794,117016,206
2025-12-07,1000,history,四周历史均值分配,140810,24000,23749,117061,251
2025-12-07,1000,uniform,均匀分配,140810,24000,11256,129554,12744
2025-12-07,2000,forecast,选定预测方案分配,140810,48000,46011,94799,1989
2025-12-07,2000,history,四周历史均值分配,140810,48000,45849,94961,2151
2025-12-07,2000,uniform,均匀分配,140810,48000,18709,122101,29291
2025-12-08,500,forecast,选定预测方案分配,142758,12000,11648,131110,352
2025-12-08,500,history,四周历史均值分配,142758,12000,11623,131135,377
2025-12-08,500,uniform,均匀分配,142758,12000,6565,136193,5435
2025-12-08,1000,forecast,选定预测方案分配,142758,24000,22231,120527,1769
2025-12-08,1000,history,四周历史均值分配,142758,24000,22182,120576,1818
2025-12-08,1000,uniform,均匀分配,142758,24000,11042,131716,12958
2025-12-08,2000,forecast,选定预测方案分配,142758,48000,41381,101377,6619
2025-12-08,2000,history,四周历史均值分配,142758,48000,41293,101465,6707
2025-12-08,2000,uniform,均匀分配,142758,48000,17845,124913,30155
2025-12-09,500,forecast,选定预测方案分配,159126,12000,11493,147633,507
2025-12-09,500,history,四周历史均值分配,159126,12000,11408,147718,592
2025-12-09,500,uniform,均匀分配,159126,12000,6594,152532,5406
2025-12-09,1000,forecast,选定预测方案分配,159126,24000,21844,137282,2156
2025-12-09,1000,history,四周历史均值分配,159126,24000,21718,137408,2282
2025-12-09,1000,uniform,均匀分配,159126,24000,11105,148021,12895
2025-12-09,2000,forecast,选定预测方案分配,159126,48000,40931,118195,7069
2025-12-09,2000,history,四周历史均值分配,159126,48000,40850,118276,7150
2025-12-09,2000,uniform,均匀分配,159126,48000,17978,141148,30022
2025-12-10,500,forecast,选定预测方案分配,165426,12000,11698,153728,302
2025-12-10,500,history,四周历史均值分配,165426,12000,11656,153770,344
2025-12-10,500,uniform,均匀分配,165426,12000,6716,158710,5284
2025-12-10,1000,forecast,选定预测方案分配,165426,24000,22438,142988,1562
2025-12-10,1000,history,四周历史均值分配,165426,24000,22330,143096,1670
2025-12-10,1000,uniform,均匀分配,165426,24000,11359,154067,12641
2025-12-10,2000,forecast,选定预测方案分配,165426,48000,42009,123417,5991
2025-12-10,2000,history,四周历史均值分配,165426,48000,41788,123638,6212
2025-12-10,2000,uniform,均匀分配,165426,48000,18515,146911,29485
2025-12-11,500,forecast,选定预测方案分配,181202,12000,11861,169341,139
2025-12-11,500,history,四周历史均值分配,181202,12000,11853,169349,147
2025-12-11,500,uniform,均匀分配,181202,12000,7015,174187,4985
2025-12-11,1000,forecast,选定预测方案分配,181202,24000,23018,158184,982
2025-12-11,1000,history,四周历史均值分配,181202,24000,22958,158244,1042
2025-12-11,1000,uniform,均匀分配,181202,24000,11900,169302,12100
2025-12-11,2000,forecast,选定预测方案分配,181202,48000,43228,137974,4772
2025-12-11,2000,history,四周历史均值分配,181202,48000,43056,138146,4944
2025-12-11,2000,uniform,均匀分配,181202,48000,19466,161736,28534
2025-12-12,500,forecast,选定预测方案分配,182167,12000,11961,170206,39
2025-12-12,500,history,四周历史均值分配,182167,12000,11927,170240,73
2025-12-12,500,uniform,均匀分配,182167,12000,7166,175001,4834
2025-12-12,1000,forecast,选定预测方案分配,182167,24000,23750,158417,250
2025-12-12,1000,history,四周历史均值分配,182167,24000,23622,158545,378
2025-12-12,1000,uniform,均匀分配,182167,24000,12237,169930,11763
2025-12-12,2000,forecast,选定预测方案分配,182167,48000,45651,136516,2349
2025-12-12,2000,history,四周历史均值分配,182167,48000,45464,136703,2536
2025-12-12,2000,uniform,均匀分配,182167,48000,20226,161941,27774
2025-12-13,500,forecast,选定预测方案分配,180193,12000,11962,168231,38
2025-12-13,500,history,四周历史均值分配,180193,12000,11957,168236,43
2025-12-13,500,uniform,均匀分配,180193,12000,6958,173235,5042
2025-12-13,1000,forecast,选定预测方案分配,180193,24000,23736,156457,264
2025-12-13,1000,history,四周历史均值分配,180193,24000,23724,156469,276
2025-12-13,1000,uniform,均匀分配,180193,24000,11866,168327,12134
2025-12-13,2000,forecast,选定预测方案分配,180193,48000,46015,134178,1985
2025-12-13,2000,history,四周历史均值分配,180193,48000,45890,134303,2110
2025-12-13,2000,uniform,均匀分配,180193,48000,19909,160284,28091
2025-12-14,500,forecast,选定预测方案分配,159606,12000,11989,147617,11
2025-12-14,500,history,四周历史均值分配,159606,12000,11971,147635,29
2025-12-14,500,uniform,均匀分配,159606,12000,7475,152131,4525
2025-12-14,1000,forecast,选定预测方案分配,159606,24000,23922,135684,78
2025-12-14,1000,history,四周历史均值分配,159606,24000,23849,135757,151
2025-12-14,1000,uniform,均匀分配,159606,24000,12800,146806,11200
2025-12-14,2000,forecast,选定预测方案分配,159606,48000,46945,112661,1055
2025-12-14,2000,history,四周历史均值分配,159606,48000,46629,112977,1371
2025-12-14,2000,uniform,均匀分配,159606,48000,21421,138185,26579
2025-12-15,500,forecast,选定预测方案分配,150478,12000,11849,138629,151
2025-12-15,500,history,四周历史均值分配,150478,12000,11768,138710,232
2025-12-15,500,uniform,均匀分配,150478,12000,7049,143429,4951
2025-12-15,1000,forecast,选定预测方案分配,150478,24000,22987,127491,1013
2025-12-15,1000,history,四周历史均值分配,150478,24000,22764,127714,1236
2025-12-15,1000,uniform,均匀分配,150478,24000,11963,138515,12037
2025-12-15,2000,forecast,选定预测方案分配,150478,48000,43010,107468,4990
2025-12-15,2000,history,四周历史均值分配,150478,48000,42906,107572,5094
2025-12-15,2000,uniform,均匀分配,150478,48000,19489,130989,28511
2025-12-16,500,forecast,选定预测方案分配,158281,12000,11725,146556,275
2025-12-16,500,history,四周历史均值分配,158281,12000,11682,146599,318
2025-12-16,500,uniform,均匀分配,158281,12000,6900,151381,5100
2025-12-16,1000,forecast,选定预测方案分配,158281,24000,22487,135794,1513
2025-12-16,1000,history,四周历史均值分配,158281,24000,22377,135904,1623
2025-12-16,1000,uniform,均匀分配,158281,24000,11689,146592,12311
2025-12-16,2000,forecast,选定预测方案分配,158281,48000,42128,116153,5872
2025-12-16,2000,history,四周历史均值分配,158281,48000,41855,116426,6145
2025-12-16,2000,uniform,均匀分配,158281,48000,18997,139284,29003
2025-12-17,500,forecast,选定预测方案分配,159600,12000,11841,147759,159
2025-12-17,500,history,四周历史均值分配,159600,12000,11823,147777,177
2025-12-17,500,uniform,均匀分配,159600,12000,6939,152661,5061
2025-12-17,1000,forecast,选定预测方案分配,159600,24000,22899,136701,1101
2025-12-17,1000,history,四周历史均值分配,159600,24000,22832,136768,1168
2025-12-17,1000,uniform,均匀分配,159600,24000,11774,147826,12226
2025-12-17,2000,forecast,选定预测方案分配,159600,48000,42909,116691,5091
2025-12-17,2000,history,四周历史均值分配,159600,48000,42775,116825,5225
2025-12-17,2000,uniform,均匀分配,159600,48000,19153,140447,28847
2025-12-18,500,forecast,选定预测方案分配,165874,12000,11916,153958,84
2025-12-18,500,history,四周历史均值分配,165874,12000,11900,153974,100
2025-12-18,500,uniform,均匀分配,165874,12000,6984,158890,5016
2025-12-18,1000,forecast,选定预测方案分配,165874,24000,23382,142492,618
2025-12-18,1000,history,四周历史均值分配,165874,24000,23284,142590,716
2025-12-18,1000,uniform,均匀分配,165874,24000,11955,153919,12045
2025-12-18,2000,forecast,选定预测方案分配,165874,48000,44032,121842,3968
2025-12-18,2000,history,四周历史均值分配,165874,48000,43850,122024,4150
2025-12-18,2000,uniform,均匀分配,165874,48000,19642,146232,28358
2025-12-19,500,forecast,选定预测方案分配,171715,12000,11974,159741,26
2025-12-19,500,history,四周历史均值分配,171715,12000,11922,159793,78
2025-12-19,500,uniform,均匀分配,171715,12000,7307,164408,4693
2025-12-19,1000,forecast,选定预测方案分配,171715,24000,23846,147869,154
2025-12-19,1000,history,四周历史均值分配,171715,24000,23653,148062,347
2025-12-19,1000,uniform,均匀分配,171715,24000,12590,159125,11410
2025-12-19,2000,forecast,选定预测方案分配,171715,48000,46231,125484,1769
2025-12-19,2000,history,四周历史均值分配,171715,48000,45871,125844,2129
2025-12-19,2000,uniform,均匀分配,171715,48000,20894,150821,27106
2025-12-20,500,forecast,选定预测方案分配,156674,12000,11972,144702,28
2025-12-20,500,history,四周历史均值分配,156674,12000,11954,144720,46
2025-12-20,500,uniform,均匀分配,156674,12000,6953,149721,5047
2025-12-20,1000,forecast,选定预测方案分配,156674,24000,23814,132860,186
2025-12-20,1000,history,四周历史均值分配,156674,24000,23774,132900,226
2025-12-20,1000,uniform,均匀分配,156674,24000,11803,144871,12197
2025-12-20,2000,forecast,选定预测方案分配,156674,48000,46346,110328,1654
2025-12-20,2000,history,四周历史均值分配,156674,48000,46215,110459,1785
2025-12-20,2000,uniform,均匀分配,156674,48000,19587,137087,28413
2025-12-21,500,forecast,选定预测方案分配,124140,12000,11968,112172,32
2025-12-21,500,history,四周历史均值分配,124140,12000,11962,112178,38
2025-12-21,500,uniform,均匀分配,124140,12000,6980,117160,5020
2025-12-21,1000,forecast,选定预测方案分配,124140,24000,23793,100347,207
2025-12-21,1000,history,四周历史均值分配,124140,24000,23770,100370,230
2025-12-21,1000,uniform,均匀分配,124140,24000,11788,112352,12212
2025-12-21,2000,forecast,选定预测方案分配,124140,48000,46041,78099,1959
2025-12-21,2000,history,四周历史均值分配,124140,48000,45760,78380,2240
2025-12-21,2000,uniform,均匀分配,124140,48000,19458,104682,28542
2025-12-22,500,forecast,选定预测方案分配,114055,12000,11755,102300,245
2025-12-22,500,history,四周历史均值分配,114055,12000,11537,102518,463
2025-12-22,500,uniform,均匀分配,114055,12000,6946,107109,5054
2025-12-22,1000,forecast,选定预测方案分配,114055,24000,22427,91628,1573
2025-12-22,1000,history,四周历史均值分配,114055,24000,22186,91869,1814
2025-12-22,1000,uniform,均匀分配,114055,24000,11740,102315,12260
2025-12-22,2000,forecast,选定预测方案分配,114055,48000,41445,72610,6555
2025-12-22,2000,history,四周历史均值分配,114055,48000,41242,72813,6758
2025-12-22,2000,uniform,均匀分配,114055,48000,18894,95161,29106
2025-12-23,500,forecast,选定预测方案分配,112258,12000,11637,100621,363
2025-12-23,500,history,四周历史均值分配,112258,12000,11584,100674,416
2025-12-23,500,uniform,均匀分配,112258,12000,7014,105244,4986
2025-12-23,1000,forecast,选定预测方案分配,112258,24000,22207,90051,1793
2025-12-23,1000,history,四周历史均值分配,112258,24000,22113,90145,1887
2025-12-23,1000,uniform,均匀分配,112258,24000,11866,100392,12134
2025-12-23,2000,forecast,选定预测方案分配,112258,48000,41213,71045,6787
2025-12-23,2000,history,四周历史均值分配,112258,48000,41102,71156,6898
2025-12-23,2000,uniform,均匀分配,112258,48000,19050,93208,28950
2025-12-24,500,forecast,选定预测方案分配,100408,12000,11786,88622,214
2025-12-24,500,history,四周历史均值分配,100408,12000,11763,88645,237
2025-12-24,500,uniform,均匀分配,100408,12000,7149,93259,4851
2025-12-24,1000,forecast,选定预测方案分配,100408,24000,22432,77976,1568
2025-12-24,1000,history,四周历史均值分配,100408,24000,22371,78037,1629
2025-12-24,1000,uniform,均匀分配,100408,24000,12000,88408,12000
2025-12-24,2000,forecast,选定预测方案分配,100408,48000,40817,59591,7183
2025-12-24,2000,history,四周历史均值分配,100408,48000,40553,59855,7447
2025-12-24,2000,uniform,均匀分配,100408,48000,19219,81189,28781
2025-12-25,500,forecast,选定预测方案分配,67953,12000,11628,56325,372
2025-12-25,500,history,四周历史均值分配,67953,12000,11492,56461,508
2025-12-25,500,uniform,均匀分配,67953,12000,7188,60765,4812
2025-12-25,1000,forecast,选定预测方案分配,67953,24000,21953,46000,2047
2025-12-25,1000,history,四周历史均值分配,67953,24000,21480,46473,2520
2025-12-25,1000,uniform,均匀分配,67953,24000,11890,56063,12110
2025-12-25,2000,forecast,选定预测方案分配,67953,48000,38599,29354,9401
2025-12-25,2000,history,四周历史均值分配,67953,48000,37592,30361,10408
2025-12-25,2000,uniform,均匀分配,67953,48000,18557,49396,29443
2025-12-26,500,forecast,选定预测方案分配,83747,12000,11279,72468,721
2025-12-26,500,history,四周历史均值分配,83747,12000,11163,72584,837
2025-12-26,500,uniform,均匀分配,83747,12000,6453,77294,5547
2025-12-26,1000,forecast,选定预测方案分配,83747,24000,21052,62695,2948
2025-12-26,1000,history,四周历史均值分配,83747,24000,20839,62908,3161
2025-12-26,1000,uniform,均匀分配,83747,24000,10537,73210,13463
2025-12-26,2000,forecast,选定预测方案分配,83747,48000,38014,45733,9986
2025-12-26,2000,history,四周历史均值分配,83747,48000,37648,46099,10352
2025-12-26,2000,uniform,均匀分配,83747,48000,16415,67332,31585
2025-12-27,500,forecast,选定预测方案分配,85612,12000,11704,73908,296
2025-12-27,500,history,四周历史均值分配,85612,12000,11673,73939,327
2025-12-27,500,uniform,均匀分配,85612,12000,6140,79472,5860
2025-12-27,1000,forecast,选定预测方案分配,85612,24000,22249,63363,1751
2025-12-27,1000,history,四周历史均值分配,85612,24000,21942,63670,2058
2025-12-27,1000,uniform,均匀分配,85612,24000,10014,75598,13986
2025-12-27,2000,forecast,选定预测方案分配,85612,48000,39554,46058,8446
2025-12-27,2000,history,四周历史均值分配,85612,48000,38901,46711,9099
2025-12-27,2000,uniform,均匀分配,85612,48000,15931,69681,32069
2025-12-28,500,forecast,选定预测方案分配,90832,12000,11877,78955,123
2025-12-28,500,history,四周历史均值分配,90832,12000,11881,78951,119
2025-12-28,500,uniform,均匀分配,90832,12000,6235,84597,5765
2025-12-28,1000,forecast,选定预测方案分配,90832,24000,23204,67628,796
2025-12-28,1000,history,四周历史均值分配,90832,24000,23168,67664,832
2025-12-28,1000,uniform,均匀分配,90832,24000,10220,80612,13780
2025-12-28,2000,forecast,选定预测方案分配,90832,48000,42814,48018,5186
2025-12-28,2000,history,四周历史均值分配,90832,48000,42195,48637,5805
2025-12-28,2000,uniform,均匀分配,90832,48000,16419,74413,31581
2025-12-29,500,forecast,选定预测方案分配,96826,12000,11642,85184,358
2025-12-29,500,history,四周历史均值分配,96826,12000,11601,85225,399
2025-12-29,500,uniform,均匀分配,96826,12000,6282,90544,5718
2025-12-29,1000,forecast,选定预测方案分配,96826,24000,22107,74719,1893
2025-12-29,1000,history,四周历史均值分配,96826,24000,22110,74716,1890
2025-12-29,1000,uniform,均匀分配,96826,24000,10348,86478,13652
2025-12-29,2000,forecast,选定预测方案分配,96826,48000,40746,56080,7254
2025-12-29,2000,history,四周历史均值分配,96826,48000,40595,56231,7405
2025-12-29,2000,uniform,均匀分配,96826,48000,16383,80443,31617
2025-12-30,500,forecast,选定预测方案分配,105666,12000,11666,94000,334
2025-12-30,500,history,四周历史均值分配,105666,12000,11603,94063,397
2025-12-30,500,uniform,均匀分配,105666,12000,6377,99289,5623
2025-12-30,1000,forecast,选定预测方案分配,105666,24000,22189,83477,1811
2025-12-30,1000,history,四周历史均值分配,105666,24000,22116,83550,1884
2025-12-30,1000,uniform,均匀分配,105666,24000,10540,95126,13460
2025-12-30,2000,forecast,选定预测方案分配,105666,48000,41015,64651,6985
2025-12-30,2000,history,四周历史均值分配,105666,48000,40797,64869,7203
2025-12-30,2000,uniform,均匀分配,105666,48000,16706,88960,31294
2025-12-31,500,forecast,选定预测方案分配,111417,12000,11771,99646,229
2025-12-31,500,history,四周历史均值分配,111417,12000,11620,99797,380
2025-12-31,500,uniform,均匀分配,111417,12000,7124,104293,4876
2025-12-31,1000,forecast,选定预测方案分配,111417,24000,22659,88758,1341
2025-12-31,1000,history,四周历史均值分配,111417,24000,22343,89074,1657
2025-12-31,1000,uniform,均匀分配,111417,24000,11999,99418,12001
2025-12-31,2000,forecast,选定预测方案分配,111417,48000,41845,69572,6155
2025-12-31,2000,history,四周历史均值分配,111417,48000,41043,70374,6957
2025-12-31,2000,uniform,均匀分配,111417,48000,19402,92015,28598
