budget,strategy,strategy_label,actual,allocation,served,uncovered,idle,coverage,utilization
500,forecast,选定预测方案分配,4297383,372000,364942,3932441,7058,0.0849219164314654,0.98102688172043
500,history,四周历史均值分配,4297383,372000,363604,3933779,8396,0.0846105641503213,0.977430107526882
500,uniform,均匀分配,4297383,372000,210997,4086386,161003,0.0490989516177636,0.56719623655914
1000,forecast,选定预测方案分配,4297383,744000,706548,3590835,37452,0.164413551224082,0.949661290322581
1000,history,四周历史均值分配,4297383,744000,702927,3594456,41073,0.163570945386995,0.94479435483871
1000,uniform,均匀分配,4297383,744000,355427,3941956,388573,0.0827077781989643,0.477724462365591
2000,forecast,选定预测方案分配,4297383,1488000,1325757,2971626,162243,0.308503337961732,0.890965725806452
2000,history,四周历史均值分配,4297383,1488000,1317373,2980010,170627,0.306552383159704,0.885331317204301
2000,uniform,均匀分配,4297383,1488000,577499,3719884,910501,0.134383879677469,0.388104166666667
