source_month,trips,fare_n,fare_sum,total_charge_sum,card_tip_rate
2025-01,3465683,3265934,58807217.2500023,87699275.339972,0.228237509023517
2025-02,3568877,3332494,60248026.3400039,88725920.9499747,0.227846755431018
2025-03,4135989,3859564,74203913.960003,107984570.979967,0.225643475664028
2025-04,3961555,3703964,71681903.1800054,104881482.609977,0.224968983848667
2025-05,4582134,4179940,85201634.9300024,122323592.999985,0.221533876571443
2025-06,4314345,3965797,82443424.7800057,116861165.189979,0.221041903051853
2025-07,3890590,3569233,72928924.1200016,103609686.329971,0.216829039923349
2025-08,3566467,3230093,65271834.4900026,93428541.4199751,0.211713221896365
2025-09,4242793,3914048,81989484.6300025,116482732.809985,0.213667831693686
2025-10,4420144,4029772,81748145.4800023,118449727.11999,0.214584138404653
2025-11,4173385,3725209,72788762.7800043,106031880.899989,0.212187443020107
2025-12,4297383,4194797,95391374.2700149,132563288.550017,0.212433145639338
