month,weekday,weather_group,days,trips,mean_daily_trips,std_daily_trips
1,0,无明显降水,2,193033,96516.5,5219.15515193791
1,0,降雪,2,169735,84867.5,7056.21856946056
1,1,无明显降水,3,335436,111812,10641.7813828325
1,1,降雪,1,117344,117344,
1,2,无明显降水,4,485805,121451.25,5932.14162423656
1,2,降水,1,89905,89905,
1,3,无明显降水,4,474184,118546,24027.2366700792
1,3,降雪,1,138390,138390,
1,4,无明显降水,4,451976,112994,16449.549781073
1,4,降水,1,133222,133222,
1,5,无明显降水,2,233978,116989,27564.436544214
1,5,降水,1,119527,119527,
1,5,降雪,1,121678,121678,
1,6,无明显降水,3,283501,94500.3333333333,13146.191286199
1,6,降雪,1,117969,117969,
2,0,无明显降水,3,299716,99905.3333333333,7377.90277337221
2,0,降雪,1,98246,98246,
2,1,无明显降水,3,352097,117365.666666667,2101.71771019168
2,1,降雪,1,125280,125280,
2,2,无明显降水,3,379970,126656.666666667,2944.20996760308
2,2,降雪,1,128606,128606,
2,3,降水,1,143724,143724,
2,3,降雪,3,410115,136705,9503.03125323704
2,4,无明显降水,4,578802,144700.5,11149.8166651594
2,5,无明显降水,1,141539,141539,
2,5,降水,1,148303,148303,
2,5,降雪,2,293811,146905.5,1724.63343931399
2,6,无明显降水,1,108727,108727,
2,6,降水,1,113521,113521,
2,6,降雪,2,246420,123210,140.007142674936
3,0,无明显降水,2,215985,107992.5,4314.05847201913
3,0,降水,3,337997,112665.666666667,2168.83617023816
3,1,无明显降水,4,495688,123922,2858.58251586341
3,2,无明显降水,3,397792,132597.333333333,5392.21998191221
3,2,降水,1,147795,147795,
3,3,无明显降水,2,299024,149512,9915.05128579777
3,3,降水,2,299040,149520,4871.96572237531
3,4,无明显降水,2,282338,141169,5103.8967466045
3,4,降水,2,270337,135168.5,1191.47492629933
3,5,无明显降水,4,605641,151410.25,9417.65085269853
3,5,降水,1,162739,162739,
3,6,无明显降水,3,366406,122135.333333333,5822.17075783022
3,6,降水,2,255207,127603.5,12629.6342187729
4,0,无明显降水,3,317000,105666.666666667,5404.99670058487
4,0,降水,1,115580,115580,
4,1,无明显降水,3,382069,127356.333333333,3510.57435946503
4,1,降水,2,250473,125236.5,4784.99158828937
4,2,无明显降水,5,683561,136712.2,2339.58141555279
4,3,无明显降水,3,430585,143528.333333333,7237.52390899908
4,3,降水,1,138142,138142,
4,4,无明显降水,2,272563,136281.5,15581.0979234456
4,4,降水,2,289228,144614,13840.9081349455
4,5,无明显降水,1,133739,133739,
4,5,降水,2,311015,155507.5,3700.2897859492
4,5,降雪,1,149085,149085,
4,6,无明显降水,3,365904,121968,16892.5836685807
4,6,降水,1,122611,122611,
5,0,无明显降水,3,362146,120715.333333333,19562.7443456518
5,0,降水,1,136975,136975,
5,1,无明显降水,2,275609,137804.5,18625.8997232348
5,1,降水,2,295891,147945.5,4647.81287273918
5,2,无明显降水,1,149191,149191,
5,2,降水,3,483269,161089.666666667,4420.04630443317
5,3,无明显降水,2,322321,161160.5,6175.16352010212
5,3,降水,3,479857,159952.333333333,10097.9114837343
5,4,降水,5,755455,151091,12133.096575071
5,5,无明显降水,2,279231,139615.5,27473.2197694409
5,5,降水,3,495628,165209.333333333,12883.2503792068
5,6,无明显降水,3,404199,134733,18366.3443286899
5,6,降水,1,142362,142362,
6,0,无明显降水,2,226830,113415,1650.3872272894
6,0,降水,3,389436,129812,10973.9131124681
6,1,无明显降水,2,298020,149010,11975.5604461754
6,1,降水,2,277212,138606,3032.07387772792
6,2,无明显降水,3,467980,155993.333333333,3735.96926289997
6,2,降水,1,157094,157094,
6,3,无明显降水,3,496557,165519,12265.8711879752
6,3,降水,1,143551,143551,
6,4,无明显降水,3,449749,149916.333333333,12008.9833180554
6,4,降水,1,138091,138091,
6,5,无明显降水,2,299350,149675,10149.8107371517
6,5,降水,2,309603,154801.5,12288.808750241
6,6,无明显降水,4,521306,130326.5,4395.47081285573
6,6,降水,1,139566,139566,
7,0,无明显降水,2,231741,115870.5,6796.00327398391
7,0,降水,2,238350,119175,23497.158338829
7,1,无明显降水,1,122815,122815,
7,1,降水,4,534893,133723.25,3520.1042953299
7,2,无明显降水,3,410058,136686,7032.36780892467
7,2,降水,2,254791,127395.5,21663.6304552123
7,3,无明显降水,2,239514,119757,20579.6357596533
7,3,降水,3,417714,139238,9485.73260217681
7,4,无明显降水,3,340053,113351,22056.7772124579
7,4,降水,1,136717,136717,
7,5,无明显降水,3,370725,123575,25255.9464681092
7,5,降水,1,136618,136618,
7,6,无明显降水,3,338103,112701,14866.8329848694
7,6,降水,1,118498,118498,
8,0,无明显降水,4,397763,99440.75,4264.85258635434
8,1,无明显降水,4,445976,111494,5186.71347451029
8,2,无明显降水,3,373838,124612.666666667,10313.4987920363
8,2,降水,1,131971,131971,
8,3,无明显降水,2,237863,118931.5,3540.48365340104
8,3,降水,2,237245,118622.5,6090.31070635973
8,4,无明显降水,4,460246,115061.5,2120.06359967494
8,4,降水,1,123017,123017,
8,5,无明显降水,5,607360,121472,5953.20241550714
8,6,无明显降水,4,436263,109065.75,4409.38108846733
8,6,降水,1,114925,114925,
9,0,无明显降水,5,594313,118862.6,12310.737865782
9,1,无明显降水,4,543110,135777.5,11511.2310520349
9,1,降水,1,116230,116230,
9,2,无明显降水,1,131645,131645,
9,2,降水,3,437160,145720,9306.16462351704
9,3,无明显降水,2,316410,158205,4473.1574977861
9,3,降水,2,303244,151622,1397.24299962462
9,4,无明显降水,3,470730,156910,3378.34382501249
9,4,降水,1,146773,146773,
9,5,无明显降水,2,323243,161621.5,6268.50161521874
9,5,降水,2,311241,155620.5,11178.6511037781
9,6,无明显降水,2,282324,141162,5675.23902580323
9,6,降水,2,266370,133185,6700.54385852372
10,0,无明显降水,2,242663,121331.5,1451.69022177598
10,0,降水,2,228440,114220,3456.33794643984
10,1,无明显降水,4,545664,136416,1862.64381995056
10,2,无明显降水,3,424755,141585,5952.1603641031
10,2,降水,2,295449,147724.5,1494.11662864717
10,3,无明显降水,4,614413,153603.25,14693.1541740817
10,3,降水,1,163361,163361,
10,4,无明显降水,4,605828,151457,6204.30479586553
10,4,降水,1,169103,169103,
10,5,无明显降水,4,609716,152429,3741.98922143468
10,6,无明显降水,3,391007,130335.666666667,6770.35200955854
10,6,降水,1,129745,129745,
11,0,无明显降水,3,380117,126705.666666667,5568.282889126
11,0,降水,1,131577,131577,
11,1,无明显降水,2,274942,137471,8748.32509683997
11,1,降水,2,275508,137754,9585.53952576484
11,2,无明显降水,2,284297,142148.5,231.223917448001
11,2,降水,2,275474,137737,21924.5528574701
11,3,无明显降水,4,570787,142696.75,30753.579167039
11,4,无明显降水,4,556473,139118.25,25775.698249514
11,5,无明显降水,2,296790,148395,48477.8267045873
11,5,降水,3,469340,156446.666666667,5120.88218311389
11,6,无明显降水,2,278075,139037.5,17964.0477760442
11,6,降水,3,380005,126668.333333333,13637.7702111941
12,0,无明显降水,4,532393,133098.25,16552.4606906848
12,0,降水,1,96826,96826,
12,1,无明显降水,3,423073,141024.333333333,30624.1295114381
12,1,降水,1,146290,146290,
12,1,降雪,1,112258,112258,
12,2,无明显降水,4,521663,130415.75,28902.477429856
12,2,降水,1,165426,165426,
12,3,无明显降水,4,585899,146474.75,52735.5232544124
12,4,无明显降水,2,352118,176059,8638.01643897486
12,4,降水,1,171715,171715,
12,4,降雪,1,83747,83747,
12,5,无明显降水,1,156674,156674,
12,5,降雪,3,433913,144637.666666667,51473.6223743126
12,6,无明显降水,3,355782,118594,25446.3888990167
12,6,降雪,1,159606,159606,
