weekday,hour,trips,fare_n,fare_sum,total_charge_sum,efficiency_n,distance_km_sum,duration_min_sum,speed_kmh_sum,tip_n,tip_sum,tip_fare_sum,flagged_n,avg_fare,avg_total_charge,avg_distance_km,avg_duration_min,avg_speed_kmh,tip_rate,flag_rate
0,0,118132,103418,2760142.48,3787387.38,114954,1132828.73231616,1833453.68333333,3689590.2955342,58743,364931.25,1789411.3,15948,26.6891883424549,36.6221294165426,9.85462647942795,15.9494552893621,32.0962323671573,0.203939278800799,0.135001523719229
0,1,59594,51514,1363754.53,1847489.9,57700,568326.94275456,891896.383333333,1905364.32605486,27908,169979.51,856758.31,8768,26.4734738129441,35.8638408976201,9.84968704947245,15.4574763142692,33.0219120633425,0.198398437477659,0.147128905594523
0,2,32862,28371,672267.94,906420.93,31751,279346.21393536,462094.466666667,1003375.64444338,13707,73209,372124.67,4925,23.6956025519016,31.9488537591202,8.79802884744922,14.5536980462558,31.6013871828724,0.196732455281721,0.149869149777859
0,3,23979,20898,504936.4,672280.92,23212,209238.84406656,349077.233333333,739139.10388425,8947,46749.43,248674.56,3304,24.1619485118193,32.1696296296296,9.01425314779252,15.0386538572003,31.8429736293404,0.187994421303088,0.137787230493348
0,4,31845,28515,804333.22,1049804.75,30908,316187.36506368,524319.166666667,1028370.3623347,11500,64590.27,391189.09,3664,28.2073722602139,36.8158776082763,10.2299522797878,16.9638658815409,33.2719801454217,0.165112656899506,0.115057308839692
0,5,56864,50939,1391069.48,1831072.86,55564,554482.68974208,1006228.11666667,1712052.41865681,25483,124946.24,800336.71,6326,27.3085353069357,35.9463841064803,9.97917158127709,18.1093534782713,30.8122600722916,0.156117092267328,0.111247889701745
0,6,121232,111132,2568446.94,3415266.81,118567,967959.05171328,2191503.41666667,2967649.56653023,63042,251704.86,1518099.82,11550,23.1116774646366,30.731623744736,8.16381498826216,18.4832492739689,25.0293046676582,0.165802575485451,0.0952718754124324
0,7,222147,207072,4288194.21,5873769.35,217349,1398326.79862656,3938038.66666667,4363486.11535661,130983,507012.36,2633949.6,18380,20.7087110280482,28.3658309670066,6.43355524353257,18.118503727492,20.0759429091305,0.19249129140512,0.082738006815307
0,8,292226,272977,5414086.54,7518011.65,285681,1595176.542432,5122222.23333333,4903457.79677661,179553,690917.82,3412007.12,23999,19.8334897811904,27.5408245016979,5.58376840753148,17.9298666461309,17.1641019065903,0.202496007687112,0.0821247938239582
0,9,288143,270811,5284677.36,7510064.13,280866,1516869.484416,4949973.53333333,4675368.58151223,195286,784971.53,3784382.37,21830,19.5142640439273,27.7317543600518,5.40068746098139,17.6239684879385,16.6462604285041,0.207423947490803,0.0757609936732803
0,10,280954,265144,5275717.64,7536905.1,273810,1500461.77171968,4920249,4480220.74491812,197584,829856.93,3967315.34,19445,19.8975561958785,28.4257048999789,5.47993780986699,17.9695737920456,16.3625168727151,0.209173423053384,0.0692106181083024
0,11,292800,275934,5531148.47,7890867.41,285301,1552153.7078784,5185330.61666667,4508952.58764403,205843,880048.97,4181739.73,20210,20.0451864213906,28.5969377097422,5.4404075270623,18.1749472194863,15.8041948245679,0.210450440922109,0.0690232240437158
0,12,316289,297704,6017081.04,8577364.08,308172,1705901.95239552,5597625.41666667,4903381.30229551,222100,959843.49,4563532.64,21854,20.2116230887056,28.8117192916454,5.53555142062069,18.1639649827585,15.9111836970767,0.210329051136139,0.0690950365014275
0,13,328627,309066,6353408.46,9053425.73,320131,1822006.56249216,5887403.65,5133734.85734595,231430,1024929.3,4833987.74,22843,20.5568016540156,29.2928556683686,5.6914405743029,18.3906077512018,16.0363565457452,0.212025630830417,0.0695104175858953
0,14,356674,334520,7191732.22,10210879.92,347474,2089214.8947648,6793639,5505296.44704407,250419,1164237.8,5479110.98,25804,21.4986614253258,30.5239744110965,6.01257905559783,19.5515031340474,15.8437651365111,0.212486624974331,0.0723461760599315
0,15,376356,352636,7555966.51,10706444.46,366371,2142486.09628416,7304339.15,5614948.48764293,264838,1210940.01,5736134.78,28030,21.4270990766683,30.3611782688098,5.84785940012763,19.9370014275147,15.3258540868216,0.211107314671571,0.0744773565453985
0,16,379596,355190,7635590.79,11594910.28,346637,2061633.20090112,6868732.63333333,5397057.00883525,268981,1315907.33,5823363.07,46592,21.4972009065571,32.6442475294913,5.94752781988397,19.8153475633973,15.5697660920076,0.225970339506927,0.122741019399572
0,17,428026,398572,7994743.71,12277895.48,385331,2084595.64296192,6948795.76666667,6041178.92411821,298680,1372831.77,5893025.97,58768,20.0584680057806,30.8047115201268,5.40988304331061,18.0333162052019,15.6778949114351,0.23295871713255,0.137300070556462
0,18,432992,402503,7445147.35,11658144.28,388265,1955084.53751424,6041538.3,6493229.90858096,301414,1312216.15,5456016.78,61420,18.4971226301419,28.964117733284,5.03543852140739,15.5603474431123,16.7237065112255,0.240508085460837,0.141850195846575
0,19,361860,336133,6335387.2,9929811.92,333039,1845619.7588928,4947944.63333333,6308907.87497686,253760,1137171.06,4738103.22,44692,18.8478584369877,29.5413182282013,5.54175264426329,14.8569525891362,18.9434506918915,0.240005548042915,0.123506328414304
0,20,341070,315350,6069075.34,9061346.13,333902,2015486.37214848,4885363.68333333,7041294.23586683,231324,1039812.81,4473112.35,28245,19.2455219280165,28.7342512446488,6.0361614250543,14.6311303416372,21.0879067387043,0.232458460382736,0.0828129123053919
0,21,342690,314761,6103434.58,9035423.11,335799,2043190.13475456,4848731.75,7331546.90707584,220224,1001391.94,4295287.35,30776,19.390695098821,28.7056627409368,6.08456289254751,14.4393871035947,21.8331409774175,0.233137356922116,0.0898071143015553
0,22,277138,251327,5233921.23,7581710.76,271597,1858753.88886528,4137024.28333333,6318364.40712218,166800,802499.91,3574445.7,27835,20.8251450500742,30.1667181003235,6.84379388897992,15.2322164211436,23.2637488894287,0.22451030938867,0.100437327252127
0,23,174766,156607,3658589.7,5170869.56,170901,1406328.92370432,2725928.03333333,4549534.22925374,97959,522700.97,2452556.94,19612,23.3615975020274,33.018125371152,8.22890985836432,15.9503340140393,26.6208754147357,0.213124907102055,0.11221862375977
1,0,100220,89127,2290660.35,3192731.18,97707,916059.94470144,1584941.76666667,2929746.94932048,53884,321660.64,1546005.2,11956,25.7010821636541,35.8222668776016,9.37558153153244,16.2213737671474,29.9850261426559,0.208059222569238,0.11929754540012
1,1,47732,41801,1088732.01,1482704.45,46319,444321.99858816,721547.933333333,1474432.61874668,23410,137887.99,689330.78,6430,26.0455972345159,35.4705497476137,9.59265093348647,15.5777960088373,31.8321340863722,0.200031674198561,0.134710466772815
1,2,24475,21384,503567.7,683651.34,23709,207178.32047616,346182.8,739858.677007722,10660,55272.93,276334.14,3403,23.5488075196409,31.9702272727273,8.73838291265595,14.6013243915813,31.2058153868878,0.200022081962077,0.139039836567926
1,3,16347,14094,333960.76,444160.51,15784,140450.63738112,239508.383333333,494737.945457036,6063,29988.81,164951.19,2361,23.6952433659713,31.514155669079,8.89829177528637,15.1741246409867,31.3442692256105,0.181804144607869,0.144430170673518
1,4,21813,19198,527831.78,689903.02,21176,217304.1680832,364243.433333333,703530.480393102,8432,44321.28,283485.05,2771,27.4941025106782,35.9361923116991,10.2618137553457,17.2007665911094,33.2230109743626,0.156344329268863,0.127034337321781
1,5,48854,44119,1111479.02,1484050.61,47794,453486.76205184,847269.5,1437871.32778596,24621,107858.57,689163.54,5044,25.1927518756091,33.637448944899,9.48836176197514,17.7275285600703,30.0847664515621,0.15650649481544,0.103246407663651
1,6,120185,110837,2384194.56,3204676.8,117705,892179.4362624,2108293.31666667,2821841.23775501,67858,249761.1,1485758.48,10658,21.5108182285699,28.9134206086415,7.57979216059131,17.9116716933577,23.9738434030416,0.16810343226175,0.0886799517410659
1,7,243231,227995,4414335.81,6118790.68,238040,1401482.51299584,4208291.81666667,4486010.31934866,150384,547134.81,2783429.4,18721,19.3615465690037,26.8373897673195,5.88759247603697,17.6789271410967,18.845615524066,0.196568596279108,0.0769679851663645
1,8,332287,312095,5947917.54,8300497.13,324805,1648834.5658752,5850799.23333333,5085748.53246435,208963,771344.88,3746189.16,25763,19.058035341803,26.5960593088643,5.07638295554317,18.013267139771,15.6578517340076,0.205901209750978,0.0775323741223701
1,9,332574,313999,6016900.25,8546875.37,324473,1597048.17731712,5937941.03333333,4796871.72802787,227485,898251.93,4263405.73,23871,19.1621637330055,27.2194349982006,4.92197556442946,18.3002623741678,14.7835774564536,0.210688821774417,0.0717765068826787
1,10,314442,298337,5823982.38,8328058.94,306780,1514233.41113088,5760899.63333333,4400773.64246917,225685,934100.1,4397830.31,20220,19.5214887191331,27.9149382745017,4.9358935104338,18.7786023643436,14.3450474035764,0.212400214232004,0.0643043868185548
1,11,321595,305006,6104379.27,8688770.56,313804,1565719.36735104,6059495.9,4354790.77301946,232089,987907.64,4665112.12,20202,20.0139645449598,28.4872119236999,4.98948186559458,19.309810901072,13.8774227639528,0.211765036849747,0.0628181408293039
1,12,343456,324829,6492019.51,9244428.04,334793,1684780.42284288,6365225.2,4713189.63546977,246095,1049653.91,4956304.47,22365,19.9859603360537,28.45936797515,5.03230480578411,19.0124202118921,14.0779216873405,0.211781563532557,0.0651175114133979
1,13,352751,332938,6754708.67,9642882.13,343899,1803430.5645312,6542704.28333333,4981489.03091916,253097,1112112.02,5175355.37,23417,20.2881878007317,28.9629965038536,5.2440703943053,19.0250750462587,14.4853257233059,0.214886117086101,0.0663839365444747
1,14,388053,365993,7653283.64,10883995.91,378423,2075820.67870848,7571499.4,5400097.36849751,277925,1253583.33,5845330.65,26044,20.9110109756198,29.7382625077529,5.4854506166604,20.0080317528269,14.2700030613824,0.214458925433072,0.0671145436319266
1,15,406965,382867,7963150.65,11304558.56,396442,2095299.71177472,8039215.26666667,5439400.91192889,290851,1284817.47,6033702.31,28903,20.7987385959093,29.5260718735227,5.28526168209907,20.2784146651128,13.7205465413072,0.212940149180147,0.0710208494587987
1,16,417017,391083,8160742.39,12471047.6,379585,2032785.48439296,7603332.7,5311912.01227175,299119,1421244.49,6182323.56,51573,20.8670343379794,31.8884932354513,5.3552840191076,20.0306458369008,13.9939987414459,0.229888402993906,0.123671217240544
1,17,484657,452850,8853430.04,13654811.33,432692,2070899.04726144,7946162.76666667,6018158.95749122,341283,1524749.59,6449624.41,69002,19.5504693386331,30.1530558242244,4.78608120155085,18.3644781199252,13.9086439256821,0.236409051608635,0.142372853378781
1,18,511907,476263,8588866.68,13502975.93,453144,2014374.33153792,7268011.51666667,6718714.76942068,356374,1515806.28,6191915.34,77683,18.0338734690707,28.3519314538396,4.4453293688936,16.0390770189314,14.8268867499529,0.244804102893306,0.151752173734682
1,19,425838,396952,7137306.07,11326286.04,390990,1941276.89707776,5868910.61666667,6743350.29409362,304480,1315060.56,5367017.26,52840,17.9802748695056,28.5331376085774,4.9650295329235,15.0103854744793,17.2468612856943,0.245026333304544,0.124084745842316
1,20,426245,394850,7176793.27,10799826.45,417678,2243650.89244032,6095816.8,8083236.51720752,290507,1233946.55,5221730.03,34988,18.1759991642396,27.3517195137394,5.37172389362217,14.5945364611016,19.3527945383944,0.236309909342441,0.0820842473225492
1,21,458832,422181,7887547.49,11661210.92,449879,2435506.10151552,6489781.41666667,8998392.56976625,292008,1254237.08,5300171.3,40961,18.6828575658308,27.6213541585244,5.41369146262777,14.4256153691696,20.0018061962578,0.236640857249274,0.0892723262544897
1,22,380072,344880,6752603.31,9809685.93,372146,2178650.8884096,5503996.58333333,7808394.86220782,225747,1001188.34,4330223.24,39208,19.5795735038274,28.4437657446068,5.85429075795414,14.7898851078161,20.9820738694164,0.231209405268445,0.103159401376581
1,23,226330,203910,4259406.88,6128202.31,221315,1525026.34791936,3339026.53333333,5286778.85791842,130702,625535.96,2798771.57,24646,20.8886610759649,30.053466284145,6.89075005272738,15.0872129468555,23.8880277338564,0.223503756685652,0.108894092696505
2,0,123510,110503,2448094.31,3461954.95,120363,926645.35658112,1826483.61666667,3169933.91313568,68876,347171.82,1595544.18,14237,22.1540981692805,31.3290584870999,7.69875590157374,15.1747930565595,26.3364481870315,0.217588346566499,0.115270018621974
2,1,61603,54545,1158141.62,1615922.92,59921,442638.60867072,865612.7,1610034.57449512,31646,146628.67,683828.91,7662,21.2327733064442,29.6255004125034,7.38703640911734,14.4458987667095,26.8692874700876,0.214423034556992,0.124377059558788
2,2,35321,30778,606233.34,842333.32,34275,238243.85785728,479171.616666667,911803.885259797,16552,69351.24,322011.64,4846,19.6969699135746,27.368033010592,6.95095135980394,13.9802076343302,26.6025932971494,0.215368736359965,0.137198833555109
2,3,23899,20469,419492.94,575431.58,23073,171562.20200064,330227.85,639971.338311146,10491,44003.81,218951.95,3584,20.4940612633739,28.1123445209829,7.43562614313873,14.3123065921207,27.7368065839356,0.200974734410906,0.149964433658312
2,4,27134,24094,628079.79,833919.93,26424,254267.24311296,440238.533333333,837379.332701726,11223,58301.81,342106.55,3212,26.0678920063086,34.6111035942558,9.62258715989101,16.6605560601473,31.6901049311885,0.170420034343102,0.118375469890175
2,5,51693,46556,1170808.23,1568516.87,50516,472907.19890304,891898.533333333,1499704.93154181,25831,114937.24,722032.83,5445,25.1483853853424,33.6909715181717,9.36153295793491,17.6557631905403,29.6877213465399,0.159185614870171,0.105333410713249
2,6,125372,115230,2474002.84,3332476.23,122749,928058.76294912,2180461.73333333,2967878.10885404,69747,260187.84,1525502.37,11466,21.4701279180769,28.9202137464202,7.56062178061834,17.7635804229227,24.1784300389742,0.170558791068938,0.0914558274574865
2,7,256050,239643,4587124.91,6363627.13,250672,1440991.44148608,4319472.45,4734560.42665412,155493,561132.1,2815858.55,19984,19.1414934298102,26.5546130285466,5.74851376095487,17.2315713362482,18.8874721813929,0.199275670292458,0.0780472563952353
2,8,347709,326537,6213158.73,8652947.99,339989,1690837.6396032,5981372.93333333,5348322.87275106,214460,784655.35,3772748.06,26860,19.0274263865963,26.4991348300499,4.97321277924639,17.5928425135323,15.7308703303667,0.207979790200992,0.0772485037775841
2,9,342760,323342,6141426.06,8722212.4,334474,1607864.30475264,5979308.4,4966823.38026132,231740,906468.24,4255269.24,24867,18.9935921099022,26.9751915928027,4.80714287135215,17.876750958221,14.8496546226652,0.213022534856102,0.072549305636597
2,10,325495,308925,5986556.14,8570206.47,317772,1552222.79701632,5914870.83333333,4559827.24898826,234192,965705.39,4532858.87,20683,19.3786716516954,27.7420295217286,4.88470600624448,18.6135683236199,14.3493676251786,0.213045545360207,0.0635432187898432
2,11,337152,319329,6323535.27,9025486.17,329192,1607391.28636416,6314926.31666667,4548119.04790479,243929,1035756.48,4862020.82,21160,19.802571235309,28.2639101678833,4.88283824140368,19.1831099074907,13.8160072173831,0.213030037991487,0.0627610098709188
2,12,359343,339801,6840398.42,9741392.43,350468,1758056.84854272,6767249.9,4879897.68071441,257897,1114533.87,5238970.84,23317,20.1306012048228,28.667933378654,5.01631204144949,19.309180581394,13.9239464964402,0.212739086366054,0.0648878647977002
2,13,375438,354476,7260552.67,10333604.87,366159,1889515.53381888,7188584.05,5133349.69382641,268125,1189215.53,5543045.47,24824,20.4824943578691,29.1517757760751,5.16036894851384,19.6324111929517,14.0194551924885,0.214541904163741,0.0661201050506342
2,14,402017,378330,7999175.92,11344319.19,392071,2134092.73968,8057873.2,5460396.95322862,286358,1305460.02,6099362.1,27805,21.143382549626,29.9852488303862,5.44312825911633,20.5520765371578,13.9270615608617,0.214032221500671,0.0691637418318131
2,15,422546,397510,8336835.73,11812969.42,411836,2158992.94457088,8516382.58333333,5538161.21364503,301418,1347320.73,6321090.35,29753,20.9726440341123,29.7174144549823,5.24236090232734,20.6790629846185,13.4474917531372,0.213146886913268,0.0704136354385085
2,16,438519,410466,8709302.64,13274214.91,397069,2116964.21789952,8209506.71666667,5398939.48235494,313017,1515181.24,6588015.69,56217,21.2180853956235,32.3393774636632,5.33147694204161,20.675264794448,13.5969805810953,0.22999053300676,0.128197409918384
2,17,514266,479573,9628742.13,14747665.88,454750,2160795.02360832,8734139.05,6061646.40592863,357701,1627925.79,6919724.75,77158,20.0777402606068,30.751660080947,4.75161082706612,19.2064630016493,13.3296237623499,0.235258749273228,0.150035195793617
2,18,551127,511987,9562804.68,14853833.11,480890,2121414.13452672,8045780.08333333,6809699.80375811,376126,1623542.26,6677341.25,90057,18.6778271323295,29.0121294290675,4.41143324778373,16.7310197411744,14.1606184444636,0.243142023031996,0.163405167955843
2,19,483485,450097,8250187.97,12928843.2,436872,2072431.89914112,6795460.71666667,7020921.31347386,333712,1438330.57,5888135.04,66550,18.3297999542321,28.7245709258227,4.74379657918365,15.5548094560115,16.0708887579745,0.244276084062094,0.137646462661716
2,20,459745,426639,7901572.7,11803450.05,450360,2405245.59019008,6799064,8378627.23824446,311716,1326825.5,5664581.34,37239,18.5205119550721,27.6661300303067,5.34071762632134,15.0969535482725,18.6042882099753,0.234231873524478,0.0809992495840085
2,21,494391,454912,8563568.13,12631071.66,484731,2618232.19409664,7214616.55,9381998.27846301,315641,1357182.79,5768187.83,44124,18.8246696723762,27.7659671760692,5.40141273014649,14.8837531538111,19.3550614226509,0.23528755130708,0.0892491974975273
2,22,438119,400003,7901812.37,11424317.61,429448,2450902.4863488,6523283.05,8640302.78132755,262161,1150183.24,4991891.41,42548,19.7543827671292,28.5605798206513,5.70709954720665,15.1899253227399,20.1195552926723,0.230410308544753,0.0971151673403801
2,23,280801,253987,5292062.4,7575759.91,274480,1801838.08645632,4190979.4,6219240.31560563,161350,752323.9,3352372.9,29942,20.8359577458689,29.8273530141306,6.56455146625007,15.2687969979598,22.6582640469456,0.224415338759003,0.106630674392185
3,0,148721,132919,2864991.64,4069089.27,144892,1060878.40607232,2175899.98333333,3666733.50077869,83577,404668,1855238.28,17459,21.5544176528563,30.6133003558558,7.32185632106894,15.0173921495551,25.306666349962,0.218121846860555,0.117394315530423
3,1,72780,64706,1313414.26,1854903.4,70680,501798.27113856,976344.133333333,1885214.92155754,38702,172608.72,795279.56,9033,20.29818347603,28.6666367879331,7.0995793879253,13.8135842293907,26.6725370905142,0.217041564604024,0.124113767518549
3,2,39421,35126,662490.88,939801.34,38158,257410.08273024,505250.55,1024362.7284055,19874,81911.39,365361.52,4888,18.8604133690144,26.7551483231794,6.74590080010063,13.241012369621,26.8452939987814,0.224192711919964,0.123994825093224
3,3,27006,23884,486866.58,673266.47,26073,193051.4344704,361416.716666667,736648.172242547,12172,51577.68,253758.63,3395,20.3846332272651,28.1890164963993,7.40426627048671,13.8617234942917,28.2532954490295,0.203254880435002,0.125712804561949
3,4,30653,27389,723515.24,966924.99,29723,285013.96944768,484878.283333333,950212.767589221,11910,67711.81,366274.66,3612,26.4162707656358,35.3034061119427,9.58900411962722,16.3132349807669,31.9689387877812,0.184866214878201,0.117835122174012
3,5,56913,51210,1308146.03,1758003.85,55692,517984.39325952,967626.933333333,1651002.72533982,26408,129737.91,764024.36,6061,25.5447379418082,34.3293077523921,9.30087612690369,17.3746127510833,29.6452403458274,0.169808604008385,0.106495879675997
3,6,129154,118630,2583021.35,3473277.21,126400,963532.42229376,2262189.68333333,3054524.8465878,68428,265288.72,1525074.63,12037,21.7737616960297,29.2782366180561,7.62288308776709,17.8970702795359,24.1655446723718,0.173951303615876,0.0931988169162395
3,7,252037,235579,4629052.83,6378227.08,246601,1456822.91246976,4350877.5,4683542.20389894,148925,549032.91,2760583.88,20360,19.6496836729929,27.0746844158435,5.90761153632694,17.6433895239679,18.992389341077,0.198882893571051,0.0807817899752814
3,8,338210,316277,6096510.1,8476209.72,330531,1679001.1558848,5882323.43333333,5237837.14651794,205106,764658.87,3672493.38,27705,19.2758566067087,26.7999561144187,5.07970857766685,17.796586200185,15.8467349401961,0.208212457009249,0.0819165607167145
3,9,333034,312303,5956874.24,8448144.21,324985,1589293.81074816,5873102.23333333,4860825.17289878,222965,874150.02,4140832.38,26113,19.0740218313625,27.0511144945774,4.8903605112487,18.0719178833895,14.9570754739412,0.211104903502518,0.0784094116516632
3,10,320321,302263,5929412.39,8472803.31,312579,1568440.4300928,5892745.05,4536270.23406748,228031,948677.92,4460609.57,22074,19.6167324151484,28.031228797438,5.01774089139961,18.8520183697561,14.5123960153033,0.212678985935099,0.06891212252709
3,11,332547,314026,6302551.01,8980692.89,324790,1628936.45963136,6324795.73333333,4504650.74661622,238737,1026163.62,4822401.92,21812,20.0701566430805,28.5985647366779,5.01535287302984,19.4734928210023,13.8694256184495,0.212790977820447,0.065590728528599
3,12,357034,335958,6864759.74,9769008.43,348250,1805455.45724544,6830281.63333333,4882048.88515114,255116,1120839.69,5268927.74,24439,20.4333867328654,29.0780646092666,5.18436599352603,19.6131561617612,14.0188051260621,0.212726335472576,0.068450063579379
3,13,372974,350161,7300555.49,10380629.85,364193,1946827.12219776,7267725.01666667,5149301.03998107,264987,1197883.57,5584525.31,25862,20.8491393673196,29.6453055880009,5.34559182136329,19.9556966132426,14.1389346856779,0.214500517681421,0.069339953991431
3,14,409565,383106,8294635.82,11735887.04,399717,2230063.49073024,8507338.13333333,5519534.00873797,288023,1348596.64,6286491.55,30011,21.6510203964438,30.6335245075775,5.57910594428118,21.2834033411972,13.8086046096062,0.214522938474323,0.0732753042862549
3,15,434154,404388,8807509.27,12401208.74,423353,2267193.40645248,9198497.7,5571360.02727934,300980,1393914.9,6545850.84,34180,21.7798482398093,30.6666091476503,5.35532618512797,21.7277253261463,13.1600816039554,0.212946327997905,0.0787278246889353
3,16,445511,413875,9055000.96,13666152.8,399317,2153059.29324288,8594867.35,5327912.68436686,308990,1534268.91,6689059.5,63017,21.8785888492902,33.0200007248565,5.39185482522127,21.5239204692012,13.3425641391848,0.229369900207944,0.141448808222468
3,17,520712,482045,9950639.4,15084575.41,456355,2213474.77511424,9059467.45,6030720.8806574,351857,1632930.47,6972103.17,84345,20.6425528736944,31.2928780715493,4.85033532034105,19.8517983806466,13.2149771135572,0.234209166184786,0.161980134892224
3,18,562274,518735,10014807.91,15340468.97,485973,2198806.3931328,8499584.11666667,6786106.25356458,370964,1628581.16,6767350.25,98600,19.3062120543245,29.5728434942697,4.52454435356038,17.4898278642366,13.963957367106,0.240652707461092,0.175359344376585
3,19,492918,454897,8515612.61,13215519.99,444546,2138606.83694592,7254394.26666667,6951583.10025884,331765,1447138.78,5995517.94,71609,18.7198697947008,29.0516754122362,4.8107661230692,16.3186582865815,15.6374888093894,0.24137010254697,0.1452756847995
3,20,470114,433813,8247644.86,12205909.15,460834,2467541.78364672,7313422.08333333,8227781.88328028,312305,1346104.21,5813213.32,40474,19.0119817986091,28.1363378921332,5.35451330337328,15.8699707125198,17.8541120735021,0.231559403706864,0.0860940112398269
3,21,492762,453952,8783563.77,12890490.19,483099,2624370.0550848,7553308.81666667,9007429.80624911,319764,1394254.34,5983779.84,43229,19.3491024822008,28.3961524346186,5.43236490881745,15.6351158182208,18.6451013275728,0.233005621410028,0.087727949801324
3,22,467791,425898,8638337.79,12404774.54,458558,2629771.93087488,7248998.36666667,8932390.29999126,279524,1236737.6,5406161.04,46655,20.2826446473099,29.1261629310304,5.7348730823034,15.8082475208516,19.4793031633758,0.2287644764648,0.0997347105865654
3,23,355334,320814,6716170.63,9546295.97,347680,2202674.16175488,5455258.83333333,7452232.49678926,198342,908127.46,4085856.69,38783,20.9347803711808,29.75648185553,6.33534906165117,15.6904591386716,21.4341707799967,0.222261212005456,0.109145198601879
4,0,223997,201279,4244862.42,6027374.14,218325,1482845.60261376,3295522.2,5133941.20282338,124509,578289.44,2651687.48,25623,21.0894450985945,29.945370058476,6.79191848214249,15.0945709378221,23.515132040872,0.218083557870854,0.114389924865065
4,1,121652,109464,2195434.68,3128682.33,118197,802915.89992064,1650850.85,2972145.40401061,69194,300647.04,1383369.36,14055,20.0562256084192,28.5818381385661,6.79303112533009,13.9669437464572,25.1456923949898,0.217329549643922,0.115534475388814
4,2,70703,63326,1183194.59,1687536.26,68456,441115.04270592,897858.716666667,1760923.83067311,38445,150962.2,699049.64,8534,18.6841832738528,26.6483949720494,6.44377472691831,13.115851301079,25.723440321858,0.215953476494173,0.120702091849002
4,3,46326,41181,802766.19,1125718.28,44720,306004.54667904,595765.333333333,1207982.56817613,22660,92244.53,433774.65,5857,19.4936060319079,27.3358655690731,6.84267769854741,13.3221228384019,27.012132562078,0.212655419121426,0.126430082459094
4,4,44251,39548,978502.34,1316328.51,42903,379352.29850496,661975.883333333,1315994.83634001,17241,91465.2,479787.31,5327,24.7421447355113,33.2843256296146,8.8420925927082,15.4295942785664,30.673725295201,0.19063697203663,0.120381460305982
4,5,62031,55750,1492222.97,1994832.02,60544,586576.29216384,1047501.76666667,1861285.26010882,27066,145118.25,838144.33,6889,26.7663313004484,35.7817402690583,9.6884297727907,17.3014958817829,30.7426873035945,0.173142315476858,0.111057374538537
4,6,120420,110150,2562127.01,3412731.18,117776,964528.57404288,2133994.45,2986655.99788694,60460,256176.18,1478774.48,11766,23.2603450748979,30.9825799364503,8.18951716854775,18.1190942976498,25.3587827561383,0.173235461839996,0.0977080219232686
4,7,217251,201747,4190597.67,5708545.22,212597,1378298.01364992,3798638.75,4312687.25828842,123885,482718.48,2498986.34,18609,20.7715488706152,28.2955643454426,6.4831489327221,17.8677909377837,20.2857390193108,0.193165713742957,0.085656682823094
4,8,276530,258509,5011163.54,6972136.64,270346,1492537.6515456,4635205.21666667,4728153.73608667,169828,640633.64,3138561.27,22315,19.3848707008267,26.9705760341033,5.52084237068645,17.145455145135,17.4892683305345,0.204116977458273,0.0806964886269121
4,9,279308,262793,5048071.54,7170476.34,272815,1461024.26591616,4690268.01666667,4575696.45539742,188219,745345.14,3587698.45,20438,19.2093074777486,27.2856443664786,5.35536633218907,17.1921192627483,16.7721586254327,0.207750219364172,0.0731737007174875
4,10,292033,274914,5371382.69,7678485.71,285143,1523062.9643328,5103899.71666667,4552864.58147969,203440,842125.73,4004884.64,20369,19.5384108848585,27.9305008475378,5.3414005054755,17.8994389364868,15.9669519556142,0.210274653504127,0.0697489667263631
4,11,310734,291790,5791652.99,8250033.55,303175,1606865.86773504,5596508.25,4614470.75021519,215478,911682.24,4322223.86,22203,19.8487027999589,28.2738735049179,5.30012655309653,18.4596627360435,15.2204856937913,0.210928973031027,0.0714533974396107
4,12,341993,320191,6479063.45,9195601.5,333666,1811372.06562048,6230224.05,5098074.26937691,232887,1010086.93,4769342.14,25309,20.2349955183,28.7191129669479,5.42869835590225,18.6720374566183,15.2789743916878,0.211787475158995,0.0740044386873416
4,13,360051,335199,6866324.86,9716538.2,351137,1928567.038464,6643255.88333333,5365324.86998276,240226,1057434.62,4954253.75,28061,20.4843238195818,28.9873722773636,5.49234924962052,18.919270493663,15.2798619057028,0.213439737518491,0.0779361812632099
4,14,405840,377786,8119036.81,11406567.47,395997,2258478.00402048,8198987.1,5771613.51442965,269888,1240619.74,5836043.11,31877,21.4911002789939,30.1931979215746,5.70327048947462,20.7046697323465,14.5748920179437,0.212578919760584,0.0785457323082988
4,15,428661,398206,8517007.84,11939548.43,418215,2240705.40667776,8772171.98333333,5748739.70898444,284408,1288607.15,6077441.4,34811,21.3884467838255,29.9833463835301,5.35778345271633,20.9752686616533,13.7458955536852,0.212031192929314,0.0812086940496103
4,16,433673,401040,8606245.2,12941608.2,383303,2097434.02378752,7917426.06666667,5381131.84409143,288909,1399689.21,6157823.07,67356,21.4598174745661,32.270118192699,5.47200002031688,20.6557894581223,14.0388461454552,0.227302602573802,0.155315179870548
4,17,486241,447783,8899261.08,13536427.81,422438,2093100.35007744,7846126.23333333,6029237.48438295,316996,1427581.33,6107621.55,83131,19.8740485458358,30.2298832470192,4.95481076531335,18.5734385479842,14.2724790013752,0.233737686317516,0.17096666056544
4,18,531603,486098,9158926.24,13982014.55,451279,2088890.16133248,7539345.2,6684152.52948959,329174,1417591.43,5933350.69,102859,18.841727882032,28.7637771601611,4.62882199555592,16.7066165276913,14.8115745015602,0.238919205026797,0.193488373842887
4,19,483668,441466,8200321.56,12518905.79,425484,2041385.68998144,6940716.43333333,6623932.42502721,292363,1251745.04,5268952.26,83432,18.5752052479693,28.3575763252436,4.79779660335392,16.3125204081313,15.5679941549558,0.237570009791662,0.172498490700232
4,20,407742,373253,7080433.88,10367595.66,399403,2184409.02468096,6506924.81666667,7061786.7994716,253864,1076491.94,4758266.42,36865,18.9695297291649,27.776322387228,5.46918532079368,16.2916272954051,17.6808556757751,0.226236163547984,0.0904125648081385
4,21,405128,372791,7104736.87,10444811.13,396973,2173355.64775296,6449832.6,7185183.07250821,267371,1141714.14,5021002.05,34413,19.0582306708048,28.0178736342884,5.47481981835782,16.2475347189859,18.0999288931696,0.227387706404143,0.0849435240220375
4,22,443377,406514,7909730.8,11453914.77,434923,2431635.53263488,7224011.73333333,7933506.69760895,277793,1178718.93,5247584.78,39569,19.4574622276232,28.1759417141845,5.59095640523697,16.6098636616903,18.2411753289869,0.224621226605509,0.0892445932017222
4,23,445068,405247,7881945.1,11213835.98,436228,2479505.46991488,6999765.71666667,8360148.21772774,247263,1011476.48,4573896.71,43703,19.4497309048556,27.671607636824,5.68396680156909,16.0461174355307,19.1646300047859,0.22114108475353,0.0981939838406715
5,0,395236,359828,6768631.47,9584949.46,386877,2118962.089728,5755888.46666667,7700641.48563199,208340,798318.18,3644072.09,39529,18.8107414375757,26.6375864579744,5.47709501916113,14.8778254242735,19.9046246885496,0.219073102914383,0.100013662723031
5,1,307974,279845,4893994.48,6987641.16,300684,1553498.66884608,4110930.38333333,6174225.86114638,162245,562681.02,2569935.09,31906,17.4882327002448,24.9696837892405,5.16654916405954,13.6719292790216,20.5339354975535,0.218947561045209,0.10359965451629
5,2,223080,201105,3404506.49,4879556.76,217259,1130463.96224256,2855713.21666667,4676488.57212874,116453,384596.17,1759134.84,25026,16.928999726511,24.2637267099276,5.20330095527716,13.1442804057216,21.5249475148497,0.218628021715493,0.112183969876278
5,3,148089,132520,2322167.29,3274715.01,143754,826373.13479424,1895429.65,3392742.4050585,72330,242523.87,1126050.11,17653,17.5231458647751,24.7111002867492,5.74852271793648,13.1852306718422,23.601029571758,0.215375734921779,0.119205342733086
5,4,91960,81445,1684465.14,2268388.04,88919,623297.59544448,1249885.58333333,2369691.00813053,36559,147457.33,718629.82,12073,20.6822412671128,27.8517777641353,7.00972340494697,14.0564511896595,26.6499961552708,0.205192333933485,0.131285341452806
5,5,49262,42814,1102438.41,1445778.34,47810,445380.19054848,758498.766666667,1515381.47667439,17137,96114.13,510179.71,6897,25.7494840472743,33.7688218806932,9.31562833190713,15.8648560273304,31.6959104094204,0.188392694017565,0.140006495879177
5,6,67766,59656,1423579.81,1876498.06,66367,581149.5681024,1004153.31666667,2066533.45908912,26825,135998.12,701073.51,8258,23.8631455343972,31.4553114523267,8.75660445857731,15.1303104956781,31.1379670482185,0.193985535125981,0.121860520024791
5,7,94818,85158,1882407.44,2544800.51,92658,739363.08238848,1384796.53333333,2653599.50856101,48136,215954.25,1116046.98,10187,22.1048808097889,29.8832817820992,7.97948458188694,14.9452452387633,28.6386443540871,0.19349924677902,0.107437406399629
5,8,145064,132354,2559388.22,3564123.82,142034,929294.03102976,2021954.68333333,3492898.99686879,83363,329616.02,1628939.56,13939,19.337445184883,26.9287200991281,6.54275758642128,14.2357089382354,24.5919920361941,0.202350061410504,0.0960886229526278
5,9,215264,198144,3532211.13,5027487.1,210863,1185565.43850624,2940562.3,4583938.33275088,132135,491592.19,2322087.46,19153,17.8264854348353,25.3728959746447,5.62244413911516,13.9453687939563,21.738941079046,0.211702702188487,0.0889744685595362
5,10,274023,254115,4453720.86,6418248.24,268395,1417160.43646848,3846625.53333333,5324860.40694393,176569,661710.33,3045146.81,22351,17.5263989138776,25.2572584853314,5.28012979551959,14.3319567552798,19.8396408537563,0.217299976417229,0.0815661459074603
5,11,320186,297538,5294398.39,7595822.14,313357,1592855.40167424,4789809.58333333,5646332.46514566,208428,796276.2,3636398.49,25655,17.7940242590862,25.528914424376,5.08319712556043,15.285471788833,18.0188489969768,0.218973856190332,0.0801253021681148
5,12,358273,332715,6137482.11,8743005.84,350309,1785401.11588608,5664501.26666667,5999884.52662436,233733,920168.06,4242905.21,28921,18.4466648933772,26.2777627699382,5.09664643467933,16.1700135213959,17.1274061660544,0.216872170000706,0.0807233590027716
5,13,384650,356790,6841039.4,9689750.43,375656,1939679.94502656,6392772.5,6176145.22482965,249959,1023635.89,4725544.65,31728,19.1738540878388,27.1581334398386,5.1634472629921,17.0176238367017,16.440959880395,0.216617546931865,0.0824853763161316
5,14,388676,360652,7286566.24,10268681.41,379358,2113742.00543616,6788235.43333333,6262952.12723187,255397,1095580.7,5110120.03,31997,20.203870323747,28.4725480795892,5.57189252747052,17.8940089133044,16.5093450704397,0.214394318248528,0.0823230659984151
5,15,406667,376973,7710382.32,10825550.02,396941,2209060.6502976,7268979.96666667,6387744.83435918,268514,1161343.81,5439576.43,33651,20.4534073262541,28.717043448735,5.56521158131209,18.3124947200382,16.0924289361874,0.213498941497546,0.0827482928292682
5,16,433950,399717,8150131.22,11439160.59,423942,2311156.93476096,7840617.21666667,6649182.33332346,284191,1228475.32,5716131.76,37445,20.3897538008141,28.6181488152868,5.45158756330102,18.4945516525059,15.6841792823628,0.214913751393302,0.0862887429427353
5,17,459584,419504,8379341.99,11715864.74,449055,2339845.42277376,8132304.21666667,6971143.04547534,287754,1204442.73,5578427.09,43355,19.9744030807811,27.9278975647431,5.21059875243291,18.1098177654556,15.524029451794,0.215910813311356,0.094335311934271
5,18,491247,446009,8693285.61,12117713.96,480494,2435444.70504192,8487711.25,7495744.72513213,292818,1183559.48,5472084.87,48713,19.491278449538,27.1692139844712,5.06862667388546,17.6645520027305,15.6000797619369,0.216290409984083,0.0991619287242467
5,19,485598,438186,8477835.43,11756922.52,475083,2387324.7078912,8224344.56666667,7496961.72091768,277352,1097912.29,5107029.87,51303,19.3475725605108,26.8308949167705,5.02506868882111,17.3113846773441,15.7803199039277,0.214980589099237,0.105649117170993
5,20,413737,373970,7251234.45,10346575.7,405028,2183034.30694272,6838923.68333333,6927302.02775538,241653,995586.03,4500540.97,42362,19.3898827446052,27.6668601759499,5.3898355346858,16.8850639544262,17.1032670031587,0.221214746546347,0.102388715536682
5,21,413037,375357,7197414.41,10367616.72,404827,2202294.63015936,6730337.46666667,7154984.15815517,253128,1045005.34,4655630.79,39670,19.1748506355283,27.6206830297557,5.44008830972084,16.6252188383351,17.6741772612873,0.224460526862355,0.0960446642794713
5,22,468551,425029,8251598.65,11760858.95,459523,2506664.8880064,7702871.56666667,8166014.91107717,273707,1122888.11,5020022.15,46347,19.4142015015446,27.6707211743199,5.45492801885085,16.7627552193615,17.7706337029423,0.223681903475267,0.0989155929664007
5,23,483795,437653,8786972.89,12235304.7,468551,2623580.84888064,7585527.05,8849180.00454308,251333,1009330.21,4605996.62,50861,20.0774880784548,27.9566339085988,5.59934958815719,16.189330617158,18.8862685268905,0.219133945000594,0.105129238623797
6,0,427385,387293,7485243.78,10387548.23,399315,2202698.76862464,5928336.16666667,8057476.65534517,211237,790844.11,3611421.38,44444,19.32708254474,26.820903631101,5.51619340276383,14.846264644871,20.1782468861555,0.218984169053128,0.103990547164734
6,1,342293,311049,5569315.92,7832547.3,315372,1659866.95695744,4317154.31666667,6591237.34185535,172970,594818.37,2734562.71,36526,17.904947194815,25.1810721140399,5.2632033184856,13.6890856406614,20.8998812255221,0.217518643044759,0.106709748665617
6,2,240984,218344,3805963.08,5363405.86,231241,1233409.59409536,3050514,5073267.03873164,119649,396833.95,1838201.96,25606,17.4310403766534,24.5640176052468,5.33387069808278,13.1919253073633,21.9393059134481,0.215881583544824,0.106256016996979
6,3,170287,153651,2792992.62,3881764.19,156386,925127.80956288,2067902.3,3769666.93698598,79964,274277.78,1291993.73,19137,18.1775102016908,25.2635140025122,5.9156689829197,13.2230653639073,24.104887502628,0.212290333638074,0.112380862896169
6,4,112193,102223,2235598.84,2954973.56,102358,721302.95964672,1426916.96666667,2760279.42984479,42998,176038.65,870509.81,11545,21.8698222513524,28.9071300979232,7.04686453083022,13.9404537668445,26.9669144555852,0.202224774468653,0.102903033166062
6,5,58725,52565,1414152.36,1829963.49,52923,500588.76865536,826280.833333333,1730667.31648328,18838,116326.2,603122.98,6652,26.902927042709,34.8133451916675,9.45881315600703,15.6128872764834,32.7016101975187,0.192873101933539,0.113273733503619
6,6,72666,65090,1692978.71,2192860.93,67149,632812.90621824,1026069.73333333,2243802.18211547,25564,149537.99,771546.92,7943,26.0098127208481,33.6896747580274,9.4240108745959,15.2804916429632,33.4152732299136,0.193815808376242,0.10930834227837
6,7,93849,85419,2077478.49,2770246.94,87257,762036.856416,1309227.35,2737189.36778819,44588,227168.3,1177109.82,9230,24.3210350156288,32.4312733700933,8.7332461168273,15.004267279416,31.369281178452,0.192988195442971,0.0983494762863749
6,8,132870,122504,2642707.6,3621164.16,124467,916784.68058496,1790462.56666667,3416110.41594675,74421,322882.19,1668842.77,11913,21.5724188597923,29.5595585450271,7.36568472434428,14.3850383368015,27.4459126993239,0.193476698826457,0.0896590652517498
6,9,203412,188124,3640147.99,5095376.51,191041,1201831.85079936,2635809.95,4652314.17867994,119154,472565.37,2314019.59,17364,19.3497267227999,27.0852018349599,6.29096293884224,13.7970904151465,24.3524383701925,0.204218396439764,0.0853636953572061
6,10,271554,252323,4672274.77,6627053.34,255314,1463688.93724416,3571675.71666667,5604969.49247324,163665,636238.06,2982031.08,22535,18.5170387558804,26.2641667228116,5.73289728430153,13.9893453420755,21.9532399025249,0.213357286671875,0.0829853362498803
6,11,314729,293321,5549969.79,7883395.58,295689,1647112.71263616,4418087.6,5920747.54578196,194396,786091.33,3619379.93,25395,18.9211471050487,26.8763422325711,5.57042268273815,14.9416704713398,20.0235637638937,0.217189503507027,0.080688465314604
6,12,353514,329339,6477118.7,9151288.06,331654,1870607.318976,5297646.16666667,6279468.70770899,220492,922603.32,4287672.61,28852,19.667026073438,27.7868338095397,5.64023747331858,15.9734125524392,18.9337945802221,0.215175785074691,0.0816148723954355
6,13,373414,347501,7203547.07,10098030.4,350025,2062966.52631168,5974394.9,6424810.25154823,233547,1025631.57,4813762.04,30563,20.7295722026699,29.0589966647578,5.89376909166968,17.0684805371045,18.3552896265931,0.213062374391901,0.081847493666547
6,14,383202,357101,7828855.52,10942610.49,358566,2240734.80939264,6567941.98333333,6445985.93445048,244244,1144798.47,5385285.64,31058,21.9233648743633,30.6429007199644,6.24915583014742,18.3172469875374,17.9771253672977,0.212578969163092,0.081048637533207
6,15,372062,347200,7781834.18,10836616.25,347575,2222879.2020864,6527184.61666667,6200143.47079435,240455,1143207.99,5414828.88,29884,22.4131168778802,31.2114523329493,6.39539438131741,18.7792120165911,17.8382894937621,0.211125414179294,0.0803199466755541
6,16,380127,353991,7948102.8,11091492.52,355080,2257983.19511424,6693217.98333333,6273855.02043852,246945,1185973.17,5560370.72,30684,22.4528386314906,31.3326963679867,6.35908300978439,18.8498873023919,17.6688493309635,0.213290305578762,0.0807203908167533
6,17,390840,362328,7923762.16,11027994.81,365832,2240770.08621312,6658658.51666667,6472556.62165621,245277,1141335.52,5333173.31,32918,21.8690307125036,30.436496240975,6.1251341769258,18.2014108024084,17.692702173829,0.214006831141214,0.0842237232627162
6,18,385518,355980,7446103.11,10393424.72,360709,2134830.35031552,6115595.25,6594494.80270519,235123,1051302.27,4881342.44,33543,20.9171950952301,29.1966535198607,5.91842829071501,16.9543738858748,18.2820356650519,0.21537154643877,0.0870076105395857
6,19,332666,307645,6521880.04,9124486.45,310003,1987552.36069632,5164387.15,6149127.71193917,205496,948756.16,4399159.41,28037,21.1993695330657,29.6591410554373,6.41139718227346,16.6591521694951,19.8357038865403,0.215667601824868,0.084279728015487
6,20,302129,279560,5975520.9,8560618.1,281171,1894118.27375232,4575204.41666667,5982596.45178808,185945,894107.84,4022833.44,25261,21.374734940621,30.6217559736729,6.73653496894175,16.2719640953963,21.2774306446542,0.222258230010139,0.083609981166985
6,21,289019,267495,5858599.96,8371640.66,270524,1919728.10278656,4330151.58333333,6180967.2282621,174490,865345.26,3902134.36,24181,21.901717639582,31.2964379147274,7.09633194388136,16.0065339242852,22.8481289211386,0.221762035892583,0.0836657797584242
6,22,250338,230153,5430194.32,7569678.92,236419,1862452.48324608,3809171.13333333,5968765.71143734,136934,726959.52,3380697.5,22506,23.5938454853945,32.8897686321708,7.877761445764,16.1119501111727,25.2465567972005,0.215032406774046,0.0899024518850514
6,23,184626,169176,4419689.22,6047328.18,174398,1592039.6895744,2813577.21666667,5112981.14324783,95234,561791.82,2728343.38,17741,26.1248003262874,35.7457806071783,9.12877263256689,16.1330818969637,29.317888641199,0.205909499558666,0.0960915580687444
