zone_id,borough,zone,zone_label,trips,fare_n,fare_sum,total_charge_sum,efficiency_n,distance_km_sum,duration_min_sum,speed_kmh_sum,tip_n,tip_sum,tip_fare_sum,flagged_n,avg_fare,avg_total_charge,avg_distance_km,avg_duration_min,avg_speed_kmh,tip_rate,flag_rate
1,EWR,Newark Airport,1 · Newark Airport,6056,5699,511842.7,592705.4,1265,7815.97225728,11463,44874.0373846644,5358,60692.61,486992.74,4943,89.812721530093,104.001649412178,6.17863419547826,9.06166007905138,35.4735473396556,0.124627340440434,0.816215323645971
2,Queens,Jamaica Bay,2 · Jamaica Bay,69,56,3179.28,3984.57,66,1393.59534336,2246.88333333333,2562.84281530155,34,412.09,2025.6,9,56.7728571428571,71.1530357142857,21.11508096,34.0436868686869,38.8309517469932,0.203440955766193,0.130434782608696
3,Bronx,Allerton/Pelham Gardens,3 · Allerton/Pelham Gardens,4652,4383,135474.45,148410.47,4456,58323.46341888,150769.766666667,112238.917699439,1817,359.99,75590.66,399,30.9090691307324,33.8604768423454,13.088748523088,33.8352259126272,25.1882669882043,0.00476236085251802,0.0857695614789338
4,Manhattan,Alphabet City,4 · Alphabet City,157794,134530,2514439.49,3371693.06,148231,765926.75351808,2389368.18333333,2786794.05217318,40919,134434.1,705954.29,28871,18.6905485021928,25.0627596818553,5.167115876693,16.1192205633999,18.8003457588034,0.190428901565284,0.182966399229375
5,Staten Island,Arden Heights,5 · Arden Heights,20,17,1117.79,1267.48,12,316.62233856,380.133333333333,546.207113906425,6,16,669.46,10,65.7523529411765,74.5576470588235,26.38519488,31.6777777777778,45.517259492202,0.0238998595883249,0.5
6,Staten Island,Arrochar/Fort Wadsworth,6 · Arrochar/Fort Wadsworth,1161,1019,16885.53,30563.5,1115,13020.54247296,22085.6,45600.7258375205,31,465.36,2042.69,170,16.5706869479882,29.9936211972522,11.6776165676771,19.8077130044843,40.8975119619018,0.227817240991046,0.146425495262705
7,Queens,Astoria,7 · Astoria,97684,80977,2013877.28,2353911.31,90826,776886.57927936,1978653.36666667,2151194.96824819,10489,36870.12,284107.5,20391,24.8697442483668,29.0688875853637,8.55357033535948,21.785098613466,23.6847925511218,0.129775243525778,0.2087445231563
8,Queens,Astoria Park,8 · Astoria Park,621,536,21310.24,27964.31,513,4679.34470784,10848.9666666667,15541.0798185959,226,4011.41,12659.14,179,39.7579104477612,52.1722201492537,9.12152964491228,21.1480831708902,30.2945025703623,0.316878555731274,0.288244766505636
9,Queens,Auburndale,9 · Auburndale,2021,1825,49329.85,56085.68,1848,20906.29588608,48388.8333333333,52049.9862192476,578,1136.63,22890.44,334,27.0300547945205,30.7318794520548,11.3129306742857,26.1844336219336,28.1655769584673,0.0496552272477069,0.165264720435428
10,Queens,Baisley Park,10 · Baisley Park,23947,21664,1045278.34,1247961.07,22403,352646.1360576,767181.716666667,648958.288181898,11055,101550.22,737008.7,3174,48.249554098966,57.6052931129985,15.74102290129,34.2445974497463,28.9674725787572,0.137787003057087,0.132542698459097
11,Brooklyn,Bath Beach,11 · Bath Beach,3511,3119,93656.28,101378.41,3296,37577.74787712,99217.2666666667,79035.6711008519,1405,1160.43,56778.26,537,30.0276627124078,32.5034979159987,11.4010157394175,30.1023260517799,23.9792691446759,0.0204379281788487,0.152947878097408
12,Manhattan,Battery Park,12 · Battery Park,17547,15602,390078.98,526469.59,16429,114747.94919808,348623.566666667,323786.408422421,9709,50938.74,243089.88,2422,25.0018574541725,33.7437245224971,6.98447557356382,21.2200113620224,19.7082237763967,0.209546937947396,0.138029292756597
13,Manhattan,Battery Park City,13 · Battery Park City,309041,287066,6638522.52,9324777.12,290558,2029056.42513024,5389781.25,6302004.50474617,188212,962688.54,4364963.72,34779,23.1254224464061,32.4830426452453,6.98330944296918,18.5497602888236,21.6893167792529,0.220549035857737,0.112538465769914
14,Brooklyn,Bay Ridge,14 · Bay Ridge,21309,18431,569094.4,637118.91,20098,250777.81517184,630344.483333333,521460.080130528,6983,5306.3,269887.91,3733,30.8770224078997,34.5677885084911,12.4777497846472,31.3635428069128,25.945869247215,0.019661125242698,0.175184194471819
15,Queens,Bay Terrace/Fort Totten,15 · Bay Terrace/Fort Totten,1845,1605,53659.47,60931.54,1720,24859.55286144,51045.35,56572.7691265215,495,732.18,22025.65,336,33.432691588785,37.9635763239875,14.453228407814,29.6775290697674,32.8911448410009,0.0332421517639661,0.182113821138211
16,Queens,Bayside,16 · Bayside,3656,3196,93915.71,104450.59,3409,42749.37482112,91720.6833333333,106232.316090603,922,865.07,40297.12,631,29.3853911138924,32.6816614518148,12.5401510182224,26.9054512564779,31.1623103815204,0.0214672909627289,0.172592997811816
17,Brooklyn,Bedford,17 · Bedford,48791,42245,1098225.26,1224253.17,45274,370180.72751616,1191212.08333333,839755.030866324,8752,5496.86,248316.3,8933,25.9965737957155,28.979835956918,8.17645287617971,26.3111738157294,18.5482844649539,0.0221365250690349,0.183087044741858
18,Bronx,Bedford Park,18 · Bedford Park,10408,9793,283257.83,310801.27,9877,115459.31143296,315006.716666667,224021.395641674,3611,556.46,147597.21,976,28.9245205759216,31.7370846523027,11.6897146332854,31.8929550133306,22.6811173070441,0.00377012546510872,0.0937740199846272
19,Queens,Bellerose,19 · Bellerose,5000,4316,151804.73,168163.28,4456,65800.18596096,125331.833333333,158331.375670562,1191,3718.62,67680.95,1009,35.1725509731233,38.9627618164968,14.7666485549731,28.1265335128665,35.532175868618,0.0549433777155906,0.2018
20,Bronx,Belmont,20 · Belmont,5783,5368,152709.46,169542.15,5450,59689.5228864,170446.316666667,119865.676444296,2086,984.88,81595.39,654,28.4481110283159,31.58385804769,10.9522060342018,31.2745535168196,21.9937020998709,0.0120702897553403,0.113090091647934
21,Brooklyn,Bensonhurst East,21 · Bensonhurst East,6261,5774,160208.22,171934.7,5913,59522.24767104,194327.8,113202.766137505,2839,829.64,100435.63,732,27.7464877034984,29.7773986837548,10.0663364909589,32.8645019448672,19.1447262197709,0.00826041515346695,0.116914230953522
22,Brooklyn,Bensonhurst West,22 · Bensonhurst West,9071,8217,218153.38,235263.67,8546,81304.73480448,256945.183333333,164942.418653093,3536,1037.27,123143.24,1220,26.5490300596325,28.631333820129,9.5137765977627,30.066134253842,19.3005404461845,0.00842328007611299,0.134494543049278
23,Staten Island,Bloomfield/Emerson Hill,23 · Bloomfield/Emerson Hill,378,314,14528.97,18102.63,328,6044.19716736,9507,13340.7611704729,48,790.01,4062.22,103,46.2706050955414,57.6516878980892,18.4274303882927,28.984756097561,40.6730523490027,0.194477403981074,0.272486772486772
24,Manhattan,Bloomingdale,24 · Bloomingdale,134874,120911,2120581.04,2851877.82,127778,629971.56110592,1965425.55,2351670.16526337,65412,232371.25,1043826.37,18114,17.538363258926,23.5865869937392,4.93020364308347,15.3815645103226,18.4043431988556,0.222614849249306,0.134303127363317
25,Brooklyn,Boerum Hill,25 · Boerum Hill,57534,48804,1293481.59,1489820.41,53583,452743.3094976,1336541.11666667,1094279.50971277,13209,35809.16,351694.07,11209,26.5035978608311,30.5266045815917,8.44938337714574,24.943379741087,20.4221396658039,0.101819061094775,0.194823930197796
26,Brooklyn,Borough Park,26 · Borough Park,12838,11756,285554.87,309251.31,11796,90548.6940864,343941.116666667,185120.480666547,4449,786.6,133917.47,1857,24.2901386526029,26.3058276624702,7.67622025147508,29.1574361365435,15.6934961568792,0.00587376688045257,0.144648699174326
27,Queens,Breezy Point/Fort Tilden/Riis Beach,27 · Breezy Point/Fort Tilden/Riis Beach,398,311,13092.42,14680.46,359,6124.24593792,11331.0333333333,13021.9968431736,89,250.09,4323.05,106,42.0978135048232,47.2040514469453,17.059180885571,31.5627669452182,36.2729717080046,0.0578503602780444,0.266331658291457
28,Queens,Briarwood/Jamaica Hills,28 · Briarwood/Jamaica Hills,14562,12893,419882.92,481975.15,13569,156067.85639808,338518.816666667,396048.316033421,3279,18942.01,178840.06,2236,32.5667354378345,37.3826999146824,11.5017950031749,24.9479561254821,29.1877305647742,0.105915922864262,0.15355033649224
29,Brooklyn,Brighton Beach,29 · Brighton Beach,6504,5978,193536.13,207111.08,6115,79682.77354752,237882.316666667,131601.405482345,3325,704.56,136433.47,776,32.3747290063566,34.6455470056875,13.0307070396599,38.9014418097574,21.5210802097048,0.00516412871416376,0.119311193111931
30,Queens,Broad Channel,30 · Broad Channel,244,194,6861.4,7517.35,224,2802.39898752,6032.36666666667,6664.65974264669,28,46.98,1306.8,64,35.3680412371134,38.7492268041237,12.5107097657143,26.9302083333333,29.7529452796727,0.0359504132231405,0.262295081967213
31,Bronx,Bronx Park,31 · Bronx Park,1256,1091,36500.91,42858.73,1165,14866.04161152,33137.9333333333,32849.4542602611,274,1015.69,11676.82,234,33.4563794683776,39.2838955087076,12.7605507395021,28.4445779685265,28.196956446576,0.0869834424098342,0.186305732484076
32,Bronx,Bronxdale,32 · Bronxdale,6155,5847,182514.25,200304.2,5933,78385.01463936,214462.483333333,141357.671131096,2698,230.11,107939.66,464,31.2150247990422,34.2576021891568,13.2116997538109,36.1473931119726,23.8256651156407,0.00213183921461305,0.0753858651502843
33,Brooklyn,Brooklyn Heights,33 · Brooklyn Heights,64343,54585,1476245.57,1748497.68,59265,516324.91819392,1450283.2,1291936.04756759,13911,47637.29,380385.51,13281,27.0448945681048,32.0325671887881,8.71213900605619,24.4711583565342,21.7993089946442,0.125234239337876,0.206409399623891
34,Brooklyn,Brooklyn Navy Yard,34 · Brooklyn Navy Yard,8781,7497,213666.6,247923.96,7655,65714.85854208,162091.383333333,185956.936904108,1280,5873.46,43902.96,1944,28.5002801120448,33.0697559023609,8.58456675925278,21.1745765295014,24.292219059975,0.133782779111021,0.221387085753331
35,Brooklyn,Brownsville,35 · Brownsville,31490,30275,808814.41,867412.22,29983,279935.37868032,953816.833333333,531185.444714761,13033,454.83,417845.4,2385,26.7155874483898,28.6511055326177,9.3364699556522,31.811921199791,17.716220682212,0.00108851264127833,0.0757383296284535
36,Brooklyn,Bushwick North,36 · Bushwick North,44490,37220,974773.21,1113155.72,42134,372643.24914432,1004553.88333333,924398.061736038,3913,7934.72,112796.13,8658,26.1895005373455,29.9074615797958,8.84424097271372,23.841882644262,21.939480270946,0.0703456758667163,0.194605529332434
37,Brooklyn,Bushwick South,37 · Bushwick South,70178,59470,1605357.78,1821495.67,65992,591392.36673792,1725305.35,1362009.71704631,8247,9026.62,244487.1,13439,26.9944136539432,30.6288157053977,8.96157665683598,26.1441591405019,20.6390125628306,0.0369206391666472,0.191498760295249
38,Queens,Cambria Heights,38 · Cambria Heights,4650,4361,176836.56,191650.66,4429,78007.1567616,187402.566666667,125675.183061978,2174,1972.92,111869.85,472,40.5495436826416,43.9464939234121,17.6128148027997,42.3126138330699,28.3755211248538,0.0176358509464346,0.101505376344086
39,Brooklyn,Canarsie,39 · Canarsie,37781,36109,995927.74,1064161.09,36126,356287.45388544,1154461.01666667,705600.33875634,14561,1756.29,519897.5,2977,27.5811498518375,29.4707992467252,9.86235547487793,31.9565137758586,19.5316486396595,0.00337814665390774,0.0787962203223843
40,Brooklyn,Carroll Gardens,40 · Carroll Gardens,18628,14946,389498.69,476850.86,17519,149904.31027968,402753.416666667,390029.904482196,2852,10318.61,66538.33,4402,26.0603967616754,31.9049150274321,8.55667048802329,22.9895209011169,22.2632515829783,0.155077682292297,0.236310929783122
41,Manhattan,Central Harlem,41 · Central Harlem,214344,185937,3609306.66,4426270.9,198476,1163349.58722048,3537469.81666667,3713864.05286651,58348,152998.11,1105610.27,38207,19.4114493618806,23.8052184342008,5.86141189474032,17.8231615745313,18.7119049802823,0.138383401594126,0.178250849102377
42,Manhattan,Central Harlem North,42 · Central Harlem North,146596,127670,2910975.96,3368621.87,136323,1068896.09350656,2928256.85,2966321.99055721,29600,34067.07,790886.28,25706,22.8007829560586,26.385383175374,7.84090794294844,21.4802846915047,21.759512265408,0.0430745492259646,0.175352669922781
43,Manhattan,Central Park,43 · Central Park,639029,606078,9433642.29,14373321.61,616240,2182235.89529088,8936404.88333333,9094044.41497832,483226,1779562.13,7362896.4,42975,15.5650630611901,23.7153000273892,3.54121104649305,14.5015008492362,14.7573095141152,0.241693218717569,0.0672504690710437
44,Staten Island,Charleston/Tottenville,44 · Charleston/Tottenville,40,27,1900.3,2626.78,19,508.40786304,600.866666666667,873.17834301134,11,448.11,1021.15,23,70.3814814814815,97.2881481481481,26.7583085810526,31.6245614035088,45.9567548953337,0.438828771483132,0.575
45,Manhattan,Chinatown,45 · Chinatown,107372,93457,2031213.29,2727081.68,101137,612161.41776768,1982314.11666667,1822218.42646869,44405,182544.74,942940.29,16988,21.7342017184374,29.1800686946938,6.05279391090976,19.600285915804,18.017327253811,0.193590985490714,0.158216294750959
46,Bronx,City Island,46 · City Island,823,762,31232.81,34202.54,781,14320.08775296,31273.3666666667,25507.9191143596,368,193.9,17756.69,95,40.9879396325459,44.8852230971129,18.3355797092958,40.0427230046948,32.6605878544938,0.0109198279634324,0.11543134872418
47,Bronx,Claremont/Bathgate,47 · Claremont/Bathgate,8770,8363,234842.55,256512.81,8291,89927.79307776,268759.85,175938.130294227,3567,470.94,136614.17,740,28.0811371517398,30.6723436565826,10.8464350594331,32.4158545410686,21.2203751410237,0.00344722659443014,0.0843785632839225
48,Manhattan,Clinton East,48 · Clinton East,1153157,1060466,17650324.61,26561146.72,1106086,4651665.82569216,15760836.7166667,18777033.8235073,742152,2762035.85,11593120.97,111613,16.6439325824685,25.0466744997011,4.20551912391275,14.2491964609141,16.9761065807788,0.238247824476898,0.0967890755551933
49,Brooklyn,Clinton Hill,49 · Clinton Hill,42712,36324,960534.33,1085086.47,39418,325178.54468352,1052246.93333333,738092.517049282,8513,8889.75,247343.39,8678,26.4435175090849,29.8724388833829,8.24949375116749,26.6945794645424,18.7247581574226,0.0359409240732085,0.203174751826185
50,Manhattan,Clinton West,50 · Clinton West,333484,298384,5192225.25,7410038.03,313691,1433989.073088,4653130.63333333,5707946.27151011,156960,554564.75,2478913.12,46610,17.4011517038447,24.8338987010027,4.57134273245965,14.8334846499687,18.1960791718924,0.22371286251452,0.139766825394921
51,Bronx,Co-Op City,51 · Co-Op City,13901,13136,465241.91,505474.55,13356,211779.80512128,544525.35,358487.442645379,6845,512.42,301674.02,1165,35.4173195797808,38.480096680877,15.8565292843127,40.7700920934411,26.8409286197498,0.0016985884299881,0.0838069203654413
52,Brooklyn,Cobble Hill,52 · Cobble Hill,18207,15206,390891.81,471107.34,17061,140030.13188736,400794.233333333,354368.128784782,4373,16802.18,110086.96,3730,25.7064191766408,30.9816743390767,8.20761572518375,23.4918371334232,20.7706540522116,0.152626432776416,0.204866260229582
53,Queens,College Point,53 · College Point,4197,3758,109732.83,127075.36,3837,45646.04918016,97482.9166666667,115918.03279649,1119,3427.05,44190.67,658,29.1997951037786,33.8146248004258,11.8962859473964,25.4060246720528,30.2105897306464,0.077551437894017,0.156778651417679
54,Brooklyn,Columbia Street,54 · Columbia Street,5268,4088,114463.19,138593.96,4910,45822.11141376,113428.216666667,121584.463045118,656,3075.65,23177.05,1412,27.9998018590998,33.9026320939335,9.33240558325051,23.1014697895451,24.7626197647897,0.132702393100071,0.268033409263478
55,Brooklyn,Coney Island,55 · Coney Island,14562,13825,525262.91,555422.92,14093,227530.5031296,645297.3,326281.901303873,9010,1482.02,393972.62,1045,37.9937005424955,40.1752564195298,16.1449303292131,45.788497835805,23.1520543038298,0.0037617334930534,0.0717621205878313
56,Queens,Corona,56 · Corona,13608,12361,375078.88,429996.13,13019,139646.02975488,350140.933333333,340855.739392747,3774,10542.12,157345.68,1615,30.3437327077097,34.7865164630693,10.7263253517843,26.8946104411501,26.1814071274865,0.0669997422236187,0.118680188124633
57,Queens,Corona,57 · Corona,1085,965,29521.59,33754.45,1035,11885.53652352,24028.0833333333,32289.4747700223,225,936.82,9976.54,145,30.5923212435233,34.9787046632124,11.4836101676522,23.215539452496,31.1975601642727,0.0939022947835622,0.133640552995392
58,Bronx,Country Club,58 · Country Club,625,564,18353.45,20759.74,602,8468.64171648,17921.1166666667,18701.116054263,191,83.23,8297.3,81,32.5415780141844,36.8080496453901,14.0675111569435,29.7692967884828,31.064976834324,0.0100309739312789,0.1296
59,Bronx,Crotona Park,59 · Crotona Park,284,263,6621.23,7528.73,267,2412.9699264,6506.8,6229.62669725694,53,48.39,2158.54,34,25.1757794676806,28.6263498098859,9.03734054831461,24.3700374531835,23.3319351957189,0.0224179306383018,0.119718309859155
60,Bronx,Crotona Park East,60 · Crotona Park East,7089,6716,183906.66,204212.4,6743,73559.18744064,202475.433333333,155663.019935841,2422,178.4,91178.19,622,27.3833621203097,30.4068493150685,10.9089704049592,30.027500123585,23.0851282716656,0.00195660826344546,0.0877415714487234
61,Brooklyn,Crown Heights North,61 · Crown Heights North,85196,75701,2032876.07,2226153.84,79955,693269.49073536,2299421.31666667,1436921.57236138,20973,8119.73,612296.8,13310,26.854018705169,29.4071919789699,8.67074592877694,28.7589433639756,17.9716286956586,0.0132611014788906,0.156227991924503
62,Brooklyn,Crown Heights South,62 · Crown Heights South,24384,21979,585837.23,637915.57,22849,194135.45640192,679398.883333333,393609.009240095,6829,1942.12,194517.6,3551,26.6544078438509,29.0238668729242,8.49645307899339,29.7342939880666,17.2265311059606,0.00998428933937083,0.145628280839895
63,Brooklyn,Cypress Hills,63 · Cypress Hills,15917,14763,394577.49,429878.12,15111,148154.34180096,415528.316666667,332311.884420443,3735,1919.04,130664.11,1687,26.7274598658809,29.1186154575628,9.80440353391304,27.4983996205854,21.9913893468627,0.0146868179793212,0.1059873091663
64,Queens,Douglaston,64 · Douglaston,1954,1480,51940.75,58583.5,1804,25184.89784448,42024.6166666667,75674.0214594589,426,1425.46,20992.21,491,35.0951013513514,39.5834459459459,13.9605863882927,23.2952420546933,41.947905465332,0.0679042368573866,0.251279426816786
65,Brooklyn,Downtown Brooklyn/MetroTech,65 · Downtown Brooklyn/MetroTech,65408,56068,1506469.84,1775890.47,59575,500680.13111424,1389331.8,1318654.95500802,16545,66449.93,465470.34,13276,26.8686209602625,31.6738686951559,8.40419859193017,23.3207184221569,22.1343676879231,0.14275867716942,0.202972113502935
66,Brooklyn,DUMBO/Vinegar Hill,66 · DUMBO/Vinegar Hill,62487,53521,1402217.48,1674713.69,57197,474738.40706688,1266215.08333333,1290716.41510921,12160,56265.27,321483.77,12632,26.1993886511836,31.2907772649988,8.30005781888701,22.1377884038207,22.5661558317606,0.175017451114251,0.202154048041993
67,Brooklyn,Dyker Heights,67 · Dyker Heights,5609,4935,143854.45,163349.27,5208,55463.17632768,146925.466666667,119580.763559967,1458,1016.14,50303.33,964,29.1498378926039,33.1001560283688,10.6496114300461,28.2114951356887,22.9609761059845,0.0202002531442749,0.171866642895347
68,Manhattan,East Chelsea,68 · East Chelsea,1251638,1168051,20851271.28,31122322.76,1196189,4975954.30658304,19928602.3166667,17663954.6419666,854918,3462245.63,14719343.29,112719,17.8513363543201,26.6446608581303,4.15983954591042,16.6600782289978,14.7668592855866,0.23521739807184,0.0900571890594565
69,Bronx,East Concourse/Concourse Village,69 · East Concourse/Concourse Village,18361,17288,466568.62,511526.16,17306,167491.09276416,525698.9,344689.812526312,6817,1359.42,227867.69,1862,26.9880043961129,29.5885099490976,9.67820945129782,30.3766843869178,19.9173588654982,0.00596583043431914,0.101410598551277
70,Queens,East Elmhurst,70 · East Elmhurst,135675,123981,5421742.01,8253779.94,130849,1938687.10852608,3874759.83333333,4343046.43750147,106199,1087572.25,4775485.73,11643,43.7304265169663,66.5729421443608,14.816216467272,29.6124527763554,33.1912848971064,0.227740655399257,0.0858153676064124
71,Brooklyn,East Flatbush/Farragut,71 · East Flatbush/Farragut,26587,24965,662904.49,714929.94,25324,226546.58239488,784925.533333333,437946.259475952,9563,1006.65,279201.04,2609,26.5533542960144,28.637289805728,8.94592411921024,30.9953219607224,17.2937237196317,0.00360546651258892,0.0981306653627713
72,Brooklyn,East Flatbush/Remsen Village,72 · East Flatbush/Remsen Village,30033,28581,729181.85,783713.38,28652,244040.7632256,849808.783333333,493240.927822253,10138,952.24,302324.56,2515,25.5128179559847,27.4207823379168,8.51740762339802,29.6596671552888,17.2148864938661,0.00314972756431036,0.0837412179935404
73,Queens,East Flushing,73 · East Flushing,1863,1696,43536.68,48616.07,1752,17559.24660864,47594.45,40964.2422211962,485,236.94,19153.37,246,25.6702122641509,28.6651356132075,10.0224010323288,27.1657819634703,23.3814167929202,0.0123706689736584,0.132045088566828
74,Manhattan,East Harlem North,74 · East Harlem North,190781,166425,3377095.25,4105817.55,177760,1134699.90049152,3205982.38333333,3767313.68951229,50504,128338.51,1003997.77,31670,20.2919948925943,24.670677782785,6.38332527279208,18.0354544516952,21.1932588293896,0.127827485114832,0.166001855530687
75,Manhattan,East Harlem South,75 · East Harlem South,359163,323789,5821216.39,7611543.38,337452,1768221.38477952,5532994.53333333,6414706.41846809,160541,481822.03,2691151.49,47833,17.9784254251997,23.5077268838657,5.23991970644572,16.3963898075381,19.0092410727099,0.179039356123352,0.133179085818974
76,Brooklyn,East New York,76 · East New York,57167,54565,1492039.29,1606989.12,54392,545339.55586176,1713448.65,1100177.08804129,22129,3751.52,766376.13,4604,27.3442552918538,29.4509139558325,10.0260986149022,31.5018504559494,20.2268180622388,0.00489514202379972,0.0805359735511746
77,Brooklyn,East New York/Pennsylvania Avenue,77 · East New York/Pennsylvania Avenue,14976,14227,387242.02,416368.21,14316,142625.07033984,451912.45,280752.622061122,5602,268.93,192488.55,1214,27.2188107120264,29.2660581991987,9.96263413941324,31.5669495669181,19.6111079953284,0.00139712206258502,0.0810630341880342
78,Bronx,East Tremont,78 · East Tremont,11274,10692,304121.94,336515.73,10634,118741.2627456,342738.3,233812.825931578,4410,570.59,168432.92,1044,28.4438776655443,31.4735998877666,11.1661898387813,32.2304212902012,21.9872885021232,0.00338763942345712,0.0926024481106972
79,Manhattan,East Village,79 · East Village,1222508,1114816,17993460.68,26643977.48,1170566,4796305.13488896,16299450.6,20055589.4686072,694397,2415831.02,10356603.73,129740,16.1402964076583,23.8998879456341,4.09742392559579,13.9244182728697,17.133241071932,0.233264792491969,0.106126094880361
80,Brooklyn,East Williamsburg,80 · East Williamsburg,63879,53751,1419995.52,1656842.15,60042,509821.84877184,1310339.5,1429394.64834645,7763,30486.67,258066.32,12409,26.4180298040967,30.8243967554092,8.49108705192765,21.8237150661204,23.8065795334341,0.118135020486207,0.194257893830523
81,Bronx,Eastchester,81 · Eastchester,7456,7078,230200.27,250191.03,7183,103090.82686848,258039.816666667,187337.526370448,2991,336.73,131566.79,566,32.5233498163323,35.3477013280588,14.3520572001225,35.9236832335607,26.0806802687524,0.00255938447688813,0.075912017167382
82,Queens,Elmhurst,82 · Elmhurst,34912,30822,765968.85,874938.71,32582,268890.82095744,700234.05,766030.63139791,4569,19039.78,184668.53,5525,24.8513675296866,28.3868246706898,8.25274142033761,21.4914385243386,23.5108535816681,0.103102461475163,0.158255041246563
83,Queens,Elmhurst/Maspeth,83 · Elmhurst/Maspeth,13419,11614,331487.13,389485.64,12416,102734.55029376,243787.583333333,341837.472459945,2364,18810.59,120004.35,2362,28.5420294472189,33.5358739452385,8.27436777494845,19.6349535545533,27.5320129236425,0.156749234506916,0.176019077427528
84,Staten Island,Eltingville/Annadale/Prince's Bay,84 · Eltingville/Annadale/Prince's Bay,30,22,1425.08,1641.97,16,424.5449472,748.65,568.467324533753,12,80.31,928.07,16,64.7763636363636,74.635,26.5340592,46.790625,35.5292077833596,0.0865344208949756,0.533333333333333
85,Brooklyn,Erasmus,85 · Erasmus,19831,18073,495826.71,541749.64,18741,174715.2931392,568467.783333333,344641.901380233,4812,1117.59,146043.07,2563,27.4346655231561,29.9756343717147,9.32262382686089,30.3328415417178,18.3897284766146,0.00765246854917525,0.129242095708739
86,Queens,Far Rockaway,86 · Far Rockaway,9350,9022,405574.42,426702.57,9020,185937.69946752,502734.283333333,211640.218718709,5493,581.59,291413.15,581,44.9539370427843,47.2957847483928,20.6139356394146,55.7355081300813,23.4634388823402,0.00199575756962237,0.0621390374331551
87,Manhattan,Financial District North,87 · Financial District North,344028,310979,7184078.69,9800555.44,322905,2246251.3026624,6180472.9,6931303.15566141,170644,817422.47,3933764.5,46231,23.1014913868782,31.5151680338544,6.95638439374553,19.140220498289,21.4654562662746,0.207796493664021,0.134381503831084
88,Manhattan,Financial District South,88 · Financial District South,173446,156065,3834142.98,5174700.96,161942,1221850.04629248,3321706.05,3627981.8948176,88545,437658.91,2199505.77,24077,24.5676031140871,33.1573444398167,7.54498552748811,20.5117020291215,22.4029707847106,0.198980569166681,0.138815539130335
89,Brooklyn,Flatbush/Ditmas Park,89 · Flatbush/Ditmas Park,48338,43058,1212013.55,1339658.11,45537,448346.19544704,1427811.93333333,872973.783159987,13671,4268.45,428814.98,7271,28.1483940266617,31.1128735658879,9.84575609827261,31.3549845912847,19.1706476746379,0.00995405990714224,0.150419959452191
90,Manhattan,Flatiron,90 · Flatiron,737023,687412,10598714.24,16281459.04,704864,2520074.0226816,9853229.36666667,10614321.9996935,493853,1740849.74,7190007.47,65444,15.418285162319,23.6851539397043,3.57526277789985,13.9789085081188,15.0586808230999,0.242120713679871,0.0887950579561289
91,Brooklyn,Flatlands,91 · Flatlands,26470,25018,658559.08,704991.43,25229,231099.7062528,811069.666666667,448114.40089046,10325,817.85,329009.52,2346,26.3234103445519,28.1793680550004,9.16008189990884,32.1483081638855,17.7618772400991,0.00248579433203027,0.0886286361919154
92,Queens,Flushing,92 · Flushing,15752,13916,394525.61,445150.81,14728,169774.80018048,386473.566666667,417204.33266213,3437,4335.35,134723.43,2541,28.3505037367059,31.9884169301523,11.5273492789571,26.2407364656889,28.3272903762989,0.0321796290370576,0.161312849162011
93,Queens,Flushing Meadows-Corona Park,93 · Flushing Meadows-Corona Park,28006,23490,1170965.51,1461719.21,27134,400100.04182016,663517.75,1042700.70268693,15006,147440.4,820493.1,4617,49.8495321413367,62.2272971477224,14.7453394936301,24.4533703103118,38.4278286536056,0.179697306412449,0.164857530529172
94,Bronx,Fordham South,94 · Fordham South,5080,4826,132335.58,144438.09,4817,51291.53137152,149150.816666667,101904.239514014,1768,111.24,67330.63,431,27.4213800248653,29.9291525072524,10.6480239509072,30.963424676493,21.1551254959547,0.00165214553911051,0.0848425196850394
95,Queens,Forest Hills,95 · Forest Hills,31528,27083,750409.66,852169.12,29211,296084.63073024,736439.433333333,746805.627643651,6581,13855.96,250684.89,6072,27.7077746187645,31.4650932319167,10.1360662329342,25.2110312325266,25.5659042019668,0.055272417894832,0.192590713017001
96,Queens,Forest Park/Highland Park,96 · Forest Park/Highland Park,993,833,24815.72,28021.05,925,9364.19337216,20694.5833333333,25298.4429047066,130,773.11,6297.12,170,29.7907803121249,33.6387154861945,10.123452294227,22.3725225225225,27.3496680050882,0.122771997357522,0.171198388721047
97,Brooklyn,Fort Greene,97 · Fort Greene,64404,55703,1436271.95,1653994.32,60015,489689.29329408,1451726.55,1212406.52145416,15908,38911.98,402328.35,11636,25.7844631348401,29.6930922930542,8.15944835947813,24.1893951512122,20.2017249263377,0.0967169725921626,0.180672007949817
98,Queens,Fresh Meadows,98 · Fresh Meadows,2947,2664,76550.01,84729.85,2740,33834.33326592,77293.8333333333,79317.6376364792,866,1075.45,34684.55,435,28.7349887387387,31.8054992492493,12.3482968123796,28.2094282238443,28.9480429330216,0.031006600921736,0.147607736681371
99,Staten Island,Freshkills Park,99 · Freshkills Park,7,3,160.6,209.11,7,142.07288832,159.5,336.590220198836,2,15.76,155.5,3,53.5333333333333,69.7033333333333,20.2961269028571,22.7857142857143,48.0843171712622,0.101350482315113,0.428571428571429
100,Manhattan,Garment District,100 · Garment District,677193,624362,10806450.53,16239791.53,649304,2601685.90078848,10187722.4833333,9177893.07068977,455394,1733648.3,7553127.47,61306,17.3079888430109,26.0102176782059,4.006884141771,15.6902198097245,14.1349707851635,0.229527213314725,0.090529583146902
101,Queens,Glen Oaks,101 · Glen Oaks,3412,2910,122480.98,134147.18,2880,47235.80746368,84791.2166666667,106769.555559655,878,2791.07,56782.84,872,42.0896838487973,46.0986872852234,16.401322036,29.4413946759259,37.0727623471023,0.0491534062051141,0.25556858147714
102,Queens,Glendale,102 · Glendale,7952,7057,172539.46,192430.57,7509,63980.21101824,174275.15,168154.484908942,1299,2004.49,48049.55,1220,24.4494062632847,27.2680416607624,8.52047023814623,23.2088360633906,22.3937255172382,0.0417171440731495,0.153420523138833
105,Manhattan,Governor's Island/Ellis Island/Liberty Island,105 · Governor's Island/Ellis Island/Liberty Island,7,7,276.3,394.93,7,151.9220736,183.483333333333,303.203592208584,6,52.07,219.4,0,39.4714285714286,56.4185714285714,21.7031533714286,26.2119047619048,43.3147988869406,0.237329079307201,0
106,Brooklyn,Gowanus,106 · Gowanus,14496,11578,312360.3,360773.48,13500,121684.52761344,339826.133333333,289723.253720474,1913,3929.19,55827.89,3544,26.9787787182588,31.1602591121092,9.01366871210667,25.1723061728395,21.4609817570721,0.0703804138039249,0.244481236203091
107,Manhattan,Gramercy,107 · Gramercy,923408,861421,13267345.16,20287237.36,882354,3238519.51158912,12133007.5166667,13899229.6978793,607132,2110867.99,8895972.98,82956,15.4016969170707,23.5508971339217,3.67031770875309,13.7507253513518,15.7524414213335,0.237283543322992,0.0898367785420962
108,Brooklyn,Gravesend,108 · Gravesend,5271,4968,164343.03,174393.77,5043,66641.10038784,202344.5,108749.680170311,3125,497.91,123923.8,463,33.0803200483092,35.1034158615137,13.2145747348483,40.123835018838,21.5644814932206,0.00401787227312268,0.0878391197116297
109,Staten Island,Great Kills,109 · Great Kills,79,57,3556.72,4175.98,63,1342.22508288,2497.28333333333,2069.5734745847,11,118.5,993.55,29,62.3985964912281,73.2628070175438,21.3051600457143,39.639417989418,32.8503726124556,0.119269286900508,0.367088607594937
111,Brooklyn,Green-Wood Cemetery,111 · Green-Wood Cemetery,169,131,3442.51,4090.83,155,1455.82867584,4131.23333333333,3338.04293023913,32,119.01,1029.12,41,26.2787022900763,31.2277099236641,9.39244306993549,26.6531182795699,21.5357608402525,0.115642490671642,0.242603550295858
112,Brooklyn,Greenpoint,112 · Greenpoint,69494,56862,1403420.7,1685697.04,64539,492107.83155072,1390095,1398246.66028947,6004,23730.76,161624.11,15874,24.6811702015406,29.6454053673807,7.62496833776042,21.5388369822898,21.6651429413142,0.146826856463432,0.228422597634328
113,Manhattan,Greenwich Village North,113 · Greenwich Village North,680887,633510,9789843.69,14975824.2,650772,2285397.24361344,9254364.31666667,9427325.0144321,447898,1603191.39,6515464.4,62551,15.4533372638159,23.6394440498177,3.51182479211374,14.2205938741474,14.4863715931726,0.246059419801296,0.0918669323984743
114,Manhattan,Greenwich Village South,114 · Greenwich Village South,709592,659810,10533313.93,15884485.1,681120,2615742.26534016,9706308.95,10695319.3786699,459507,1629158.95,6867174.17,62848,15.9641623042997,24.0743321562268,3.84035451218605,14.2505123179469,15.7025478310281,0.237238623874891,0.0885692059662454
115,Staten Island,Grymes Hill/Clifton,115 · Grymes Hill/Clifton,381,309,12209.67,14785.87,354,5344.1486208,9827.61666666667,11640.1498675771,22,174.32,1412.82,83,39.5134951456311,47.85071197411,15.0964650305085,27.7616290018832,32.8817792869411,0.123384436800159,0.217847769028871
116,Manhattan,Hamilton Heights,116 · Hamilton Heights,93244,79213,1827351.12,2149502.61,86722,689972.94267264,1762516.53333333,1986683.36463695,16258,40846.19,394102.95,18226,23.0688286013659,27.1357303725399,7.95614656802934,20.3237532959726,22.9086433043167,0.103643451539756,0.195465659988846
117,Queens,Hammels/Arverne,117 · Hammels/Arverne,8939,8536,382089.12,405143.71,8707,174379.80928896,469012.216666667,207338.689509129,5379,349.32,272257.82,585,44.7620805998126,47.4629463448922,20.0275421257563,53.8661096435818,23.8128734936406,0.0012830485456763,0.0654435619196778
118,Staten Island,Heartland Village/Todt Hill,118 · Heartland Village/Todt Hill,302,231,10628.75,13077.51,262,4775.14895616,8489.85,9184.25703177833,35,301.6,2439.57,96,46.0119047619048,56.6125974025974,18.2257593746565,32.4040076335878,35.0544161518257,0.123628344339371,0.317880794701987
119,Bronx,Highbridge,119 · Highbridge,10635,9892,287896.55,322114.03,10114,110005.1802432,292829.816666667,241596.134784939,4157,4115.5,149207.56,1092,29.1039779619895,32.563084310554,10.8765256321139,28.9529183969415,23.8872982781233,0.0275823825548786,0.102679830747532
120,Manhattan,Highbridge Park,120 · Highbridge Park,979,842,25372.63,29364.03,899,9009.97675776,18093.0833333333,27540.6617889195,138,801.17,7026.51,201,30.1337648456057,34.8741448931116,10.0222210876085,20.1257879124954,30.6347739587536,0.114021043163676,0.205311542390194
121,Queens,Hillcrest/Pomonok,121 · Hillcrest/Pomonok,8135,7446,212229.75,236519.66,7705,90012.20317056,227192.233333333,202494.587656802,2670,1947.2,98060.71,1001,28.5025181305399,31.7646602202525,11.6823105996833,29.4863378758382,26.2809328561715,0.0198570864926432,0.123048555623848
122,Queens,Hollis,122 · Hollis,5292,4968,148553.71,163636.83,5090,63190.60247808,151174.983333333,133418.916889274,1406,1711.03,64038.99,465,29.9021155394525,32.9381702898551,12.4146566754578,29.7003896529142,26.2119679546706,0.0267185662984379,0.0878684807256236
123,Brooklyn,Homecrest,123 · Homecrest,8236,7715,200323.36,215178.49,7676,68693.04617472,246457.65,131271.455490918,4036,733.88,131170.14,941,25.9654387556708,27.8909254698639,8.94906802693069,32.107562532569,17.1015444881342,0.00559487090583268,0.114254492472074
124,Queens,Howard Beach,124 · Howard Beach,6728,5956,196086.93,219208.14,6335,73505.91815424,169393.116666667,182534.986786879,1851,6840.76,89064.57,1005,32.9225873069174,36.8045903290799,11.6031441443157,26.7392449355433,28.8137311423645,0.0768067481828071,0.149375743162901
125,Manhattan,Hudson Sq,125 · Hudson Sq,245747,227828,4035794.78,5942597.42,231959,1010283.73674624,3646208.61666667,3727817.73677282,156418,606620.01,2632921.24,26309,17.7142176554243,26.0837009498394,4.355440990633,15.7191944122309,16.0710200370446,0.230398084372626,0.107057258074361
126,Bronx,Hunts Point,126 · Hunts Point,8498,7917,210457.31,235205.83,7939,79777.22594688,220793.166666667,187015.289902177,2246,596.24,79259.14,998,26.5829619805482,29.7089592017178,10.0487751539086,27.8112062812277,23.5565297773243,0.00752266552475841,0.117439397505295
127,Manhattan,Inwood,127 · Inwood,20088,17360,479813.31,540653.41,18506,212587.19691264,454188.933333333,542914.693081782,3308,4066.51,114168.77,3881,27.6390155529954,31.1436296082949,11.4874741658187,24.5427933282899,29.3372253907804,0.0356184094827333,0.193199920350458
128,Manhattan,Inwood Hill Park,128 · Inwood Hill Park,1647,1345,41012.6,47009.57,1507,18773.17478784,40370.5833333333,44775.7435001349,268,577.71,10357.24,400,30.4926394052045,34.9513531598513,12.4573157185401,26.7887082503871,29.7118404115029,0.0557783733890496,0.242865816636308
129,Queens,Jackson Heights,129 · Jackson Heights,55953,48325,1401129.99,1667181.18,52277,435494.26394496,1048086.38333333,1482825.09017991,10839,79390.54,530841.54,9644,28.9938952922918,34.4993518882566,8.33051368565449,20.0487094388227,28.3647701700539,0.149556004980319,0.17235894411381
130,Queens,Jamaica,130 · Jamaica,54448,48163,1362351.21,1533041.37,51189,574001.71500672,1231833.96666667,1456205.81069373,9111,35055.74,423323.99,8515,28.286261445508,31.8302715777672,11.2133801208603,24.064427253251,28.4476315359498,0.0828106623487131,0.156387746106377
131,Queens,Jamaica Estates,131 · Jamaica Estates,8205,7414,217989.37,241287.11,7794,97423.36103808,222803.283333333,220719.48502926,2120,1173.64,87240.24,1073,29.402396816833,32.5447949824656,12.4997897149192,28.5865131297579,28.3191538400384,0.0134529662000013,0.130773918342474
132,Queens,JFK Airport,132 · JFK Airport,2062443,1819056,116355633.27,150708047.23,1988789,48824077.7155507,85279896.35,74943997.4432835,1414877,17876303.28,95651429.4,274744,63.9648440015041,82.8495918927179,24.5496519316784,42.8803137738594,37.6832320790609,0.186890079867432,0.133212893641182
133,Brooklyn,Kensington,133 · Kensington,11991,10026,291160.34,332225.84,11066,114534.32487552,314165.233333333,246817.618253361,2236,1849.9,74024.03,2565,29.0405286255735,33.136429283862,10.3501106881909,28.3901349478884,22.3041404530418,0.0249905334794661,0.213910432824618
134,Queens,Kew Gardens,134 · Kew Gardens,13737,11981,494036.65,566833.23,12466,115953.54097536,264133.116666667,350391.736065417,4803,39280.17,313432.45,2543,41.235009598531,47.3110116017027,9.30158358538104,21.1882814589015,28.1077920796901,0.125322601409012,0.185120477542404
135,Queens,Kew Gardens Hills,135 · Kew Gardens Hills,6856,6159,178187.45,199977.44,6256,71712.67441536,180085.666666667,164600.258408392,2188,1871.3,85505.04,1177,28.9312307192726,32.4691410943335,11.4630234039898,28.7860720375107,26.3107829936688,0.02188525962914,0.171674445740957
136,Bronx,Kingsbridge Heights,136 · Kingsbridge Heights,6790,6432,188972.32,205972.71,6440,75579.25212288,217483.366666667,144893.536845444,2822,631.6,106230.04,605,29.3800248756219,32.0231203358209,11.7359087147329,33.7707091097309,22.498996404572,0.00594558751931186,0.0891016200294551
137,Manhattan,Kips Bay,137 · Kips Bay,534575,487658,7850213.5,11582390.99,505989,2123162.38100736,7367130.48333333,8776267.51246704,301947,984269.79,4518946.95,61905,16.0977847179786,23.7510529715497,4.196064303784,14.559862928509,17.3447792589701,0.217809547421219,0.115802272833559
138,Queens,LaGuardia Airport,138 · LaGuardia Airport,1291326,1219859,54764979.49,85423379.89,1251415,19305601.2410342,38789037.6,41312299.9997912,1095792,11667379.42,49441659.52,89474,44.8945160793174,70.0272571584093,15.4270176088941,30.9961424467503,33.0124698839243,0.235982762983114,0.0692884678229974
139,Queens,Laurelton,139 · Laurelton,5799,5514,199702.6,215213.56,5518,88222.93451136,225702.5,144978.532204294,2613,750.03,124395.89,493,36.2173739571999,39.0303881030105,15.988208501515,40.9029539688293,26.273746321909,0.00602937926646933,0.0850146576996034
140,Manhattan,Lenox Hill East,140 · Lenox Hill East,919296,859342,13837240.01,20464910.22,875876,3590651.38177152,12831782.1833333,14562214.119269,618242,2161389.7,9491890.61,85185,16.1021339699444,23.814628192268,4.09949739663094,14.6502269537393,16.6258855354742,0.227709082289982,0.0926632988721805
141,Manhattan,Lenox Hill West,141 · Lenox Hill West,1029691,967315,13605746.31,20907980.1,986292,3307923.5498496,12436156.35,15736640.3938533,720529,2286111.67,9485072.17,83547,14.0654764063413,21.6144483441278,3.35389879452495,12.609000529255,15.955356419654,0.241022063831065,0.0811379336130936
142,Manhattan,Lincoln Square East,142 · Lincoln Square East,1387603,1308721,19409787.72,30000244.57,1335253,4786538.29974144,17566459.2166667,21383871.6384805,1006838,3554674.18,14324175.38,105062,14.8311119940767,22.9233309238562,3.58474259165974,13.1559032008666,16.0148463538224,0.248159079716601,0.0757147397346359
143,Manhattan,Lincoln Square West,143 · Lincoln Square West,540610,498011,7640721.85,11273081.23,513113,1960619.52214656,6885386.85,8716560.67713992,316474,1031183.11,4392634.79,59394,15.3424760698057,22.6362093005978,3.8210287444414,13.4188509158801,16.9876044402303,0.234752753028212,0.109864782375465
144,Manhattan,Little Italy/NoLiTa,144 · Little Italy/NoLiTa,546740,502558,8851036.16,12843927.01,518988,2194530.89720832,8293274.48333333,8068772.01331623,316703,1173650.06,5173815.54,58152,17.6119694841192,25.5571038765675,4.22848099996208,15.9797037375302,15.547126356132,0.226844202489677,0.106361341771226
145,Queens,Long Island City/Hunters Point,145 · Long Island City/Hunters Point,103635,88051,2394396.28,2903805.96,84716,737163.73678464,1856949.4,2071389.69685688,16105,134759.98,807963.42,30401,27.1932888893936,32.9786823545445,8.70158809179659,21.919701119033,24.4509856090571,0.166789704415084,0.293346842283012
146,Queens,Long Island City/Queens Plaza,146 · Long Island City/Queens Plaza,47034,39479,975247.77,1176781.3,42248,302283.21226752,860098.266666667,899598.318204202,10300,49395.29,281729.17,9900,24.702950176043,29.807778819119,7.15497093986745,20.3583191314776,21.2932758522108,0.175328987055192,0.210486031381554
147,Bronx,Longwood,147 · Longwood,6601,6191,161262.84,179950.43,6266,60498.91026432,180913.866666667,132801.295859956,1825,343.42,63092.7,632,26.0479470198676,29.0664561460184,9.65510856436642,28.8723055644217,21.1939508234849,0.00544310197534739,0.0957430692319346
148,Manhattan,Lower East Side,148 · Lower East Side,603059,545454,10193967.87,14449265.28,576320,2920188.69343872,9031538.88333333,10596604.4216376,320255,1196991.53,5487061.78,68254,18.6889597839598,26.4903461703462,5.06695706107496,15.6710488675273,18.3866678609758,0.21814799577489,0.113179639139786
149,Brooklyn,Madison,149 · Madison,6211,5740,149918.98,161408.93,5811,53291.60800128,188335.716666667,100448.032759216,2850,583.29,94880.19,775,26.1182891986063,28.1200226480836,9.17081535041817,32.410207652154,17.2858428427493,0.00614764789151455,0.124778618579939
150,Brooklyn,Manhattan Beach,150 · Manhattan Beach,3767,3454,107764.1,116189.14,3543,44031.63574656,119355.983333333,87245.0579392833,1628,824.81,65834.15,456,31.1997973364215,33.6390098436595,12.4277831630144,33.6878304638254,24.6246282639806,0.0125286040755444,0.121051234404035
151,Manhattan,Manhattan Valley,151 · Manhattan Valley,377276,346068,5532453.61,7690023.58,358281,1547797.02054912,4979910.76666667,6429844.98710902,213942,718693.85,3141472.81,41940,15.9866084411156,22.2211345169158,4.32006447606521,13.899455362318,17.9463744577832,0.228776084807177,0.111165300734741
152,Manhattan,Manhattanville,152 · Manhattanville,61856,53430,1121671.33,1347641.15,56418,390009.229632,1037428.16666667,1250898.95921255,13177,35170.77,270343.31,12062,20.9932871046229,25.2225556803294,6.91285103392534,18.3882478405237,22.1719833955928,0.130096690759612,0.195001293326436
153,Manhattan,Marble Hill,153 · Marble Hill,2245,2104,56996.95,62250.74,2094,22530.816,58627.5333333333,50396.0490417504,716,127.85,25679.78,265,27.0898051330798,29.5868536121673,10.7597020057307,27.9978669213626,24.0668811087633,0.00497862520629071,0.11804008908686
154,Brooklyn,Marine Park/Floyd Bennett Field,154 · Marine Park/Floyd Bennett Field,820,641,24245.36,28338.24,769,9890.97994368,17985.7166666667,28216.8833782984,204,1719.11,9216.91,147,37.8242745709828,44.2094227769111,12.862132566554,23.388448201127,36.6929562786715,0.186516956333522,0.179268292682927
155,Brooklyn,Marine Park/Mill Basin,155 · Marine Park/Mill Basin,11594,10808,301535.95,321955.1,10923,105393.02564736,347594.8,210964.185930048,4977,1426.8,169807.88,1297,27.8993292005922,29.7885917838638,9.64872522634441,31.8222832555159,19.3137586679528,0.00840243691871072,0.111868207693635
156,Staten Island,Mariners Harbor,156 · Mariners Harbor,160,131,6346.43,7687.51,143,3029.92804224,4793.66666666667,6264.79600213584,20,92.3,1563.15,37,48.4460305343511,58.6832824427481,21.1883079876923,33.5221445221445,43.8097622526982,0.0590474362665131,0.23125
157,Queens,Maspeth,157 · Maspeth,22153,19424,590179.87,699989.71,21097,188764.5443904,423508.816666667,580630.129112453,4998,34940.62,236135.11,3213,30.3840542627677,36.0373615115321,8.94745908851495,20.0743620735966,27.5219286681734,0.147968762459763,0.145036789599603
158,Manhattan,Meatpacking/West Village West,158 · Meatpacking/West Village West,495869,460031,8062114.52,11844205.55,471973,2002282.01040384,7388078.16666667,7436299.05218471,293071,1147229.87,4921247.37,50105,17.5251548699979,25.746537842015,4.24236558109011,15.6536034194046,15.7557721568495,0.23311770040123,0.101044832405333
159,Bronx,Melrose South,159 · Melrose South,16665,15590,394530.14,437098.25,15535,136877.26605696,431080.666666667,303264.58850887,4930,944.83,158256.18,1846,25.3066157793457,28.0370910840282,8.81089578738075,27.7489968887458,19.5213767949063,0.00597025658018537,0.110771077107711
160,Queens,Middle Village,160 · Middle Village,9611,8221,225026.56,257034.55,9024,79515.20865024,206643.283333333,217346.173772237,1717,7924.81,79508.9,1725,27.3721639703199,31.2656063739204,8.8115257812766,22.8993000147754,24.0853472708596,0.0996719864065532,0.179481843720737
161,Manhattan,Midtown Center,161 · Midtown Center,2089747,1972499,33353506.27,51467757.23,2013122,7580510.84254464,31388550.8,27000201.4401908,1545049,6217736.68,25686445.56,150567,16.9092639692086,26.0926658163071,3.76554965001855,15.5919764425604,13.4121039063657,0.242062945823945,0.0720503486785721
162,Manhattan,Midtown East,162 · Midtown East,1508176,1433265,23292673.94,36316048.96,1451327,5377577.64077952,21625147.4666667,20867199.4828007,1165710,4510442.48,18654027.23,100888,16.2514775285799,25.3379863179524,3.70528326199369,14.900258499061,14.3780136956046,0.241794569311348,0.066894049500854
163,Manhattan,Midtown North,163 · Midtown North,1238226,1166246,19742497.08,30370971.19,1192634,4649874.89940864,18186984.7666667,16862441.6126421,913518,3672783.79,15144413.65,89125,16.9282441954785,26.0416508952657,3.89882805572258,15.249426703135,14.1388234887166,0.242517397826095,0.0719779749415696
164,Manhattan,Midtown South,164 · Midtown South,1036924,960927,16088775.73,24467761.64,989179,3891088.9017792,14635411.4166667,14672513.2985512,682561,2597218.34,10962908.63,98815,16.742973951195,25.4626643230963,3.93365498234314,14.7955136700907,14.8330214233735,0.236909603797364,0.0952962801516794
165,Brooklyn,Midwood,165 · Midwood,11442,10575,274292.08,295104.58,10723,93888.4047552,354879.75,173007.817219737,5542,1190.18,168010.73,1402,25.9377853427896,27.9058704491726,8.75579639608319,33.0951925767043,16.1342737312074,0.00708395231661692,0.122531026044398
166,Manhattan,Morningside Heights,166 · Morningside Heights,282075,250871,4723891.39,6178700.49,262456,1424338.14289536,4406487.95,4922136.54938426,121412,444561.17,2105329.94,43770,18.8299619724879,24.6289945430121,5.42695972999421,16.789434991008,18.7541399296806,0.211159857442582,0.155171496942303
167,Bronx,Morrisania/Melrose,167 · Morrisania/Melrose,12565,11961,317585.72,349770.32,11942,115449.70364928,369039.9,230324.143868873,4466,564.9,153257.45,1030,26.5517699189031,29.2425650029262,9.6675350568816,30.9026879919611,19.2868986659582,0.00368595458165329,0.0819737365698368
168,Bronx,Mott Haven/Port Morris,168 · Mott Haven/Port Morris,33923,31077,776621.8,878932.21,31155,285908.2497216,727605.216666667,779394.501008882,6111,5151.67,194833.75,4887,24.990243588506,28.2824020980146,9.17696195543573,23.3543642005029,25.0166747234435,0.026441363470138,0.14406155115998
169,Bronx,Mount Hope,169 · Mount Hope,12309,11613,302832.45,333519.76,11582,115047.51249024,328645.75,253884.4300368,3655,829.54,134271.68,1198,26.077021441488,28.7195177817963,9.93330275343119,28.3755612156795,21.920603525885,0.00617807120608009,0.0973271589893574
170,Manhattan,Murray Hill,170 · Murray Hill,1294383,1209849,19580322.99,30017831.23,1237057,4636208.10875904,18097162.8,18406610.1593732,900595,3356832.38,14184439.35,112614,16.1841047849773,24.8112212598432,3.74777242177122,14.6292068999246,14.8793549200831,0.236655978933704,0.0870020697119786
171,Queens,Murray Hill-Queens,171 · Murray Hill-Queens,3986,3535,97043.32,108289.6,3749,42095.51444736,104796.5,96801.3876206875,1123,455.99,44883.52,598,27.4521414427157,30.6335502121641,11.2284647765698,27.9531875166711,25.8205888558782,0.0101594081747599,0.150025087807326
172,Staten Island,New Dorp/Midland Beach,172 · New Dorp/Midland Beach,230,184,7256.74,9052.42,216,3576.75094656,6060.38333333333,7282.47301730789,24,382.74,1884.5,55,39.4388043478261,49.1979347826087,16.55903216,28.0573302469136,33.7151528579069,0.20309896524277,0.239130434782609
173,Queens,North Corona,173 · North Corona,8324,7567,185220.13,208960.76,7843,71457.11058816,174304.25,192678.778528511,1127,1958.41,41132.7,1086,24.4773529800449,27.6147429628651,9.11094104145863,22.224180798164,24.5669741844334,0.0476119972673809,0.130466122056704
174,Bronx,Norwood,174 · Norwood,8052,7574,233986.45,257196.14,7603,97652.86958592,259697.483333333,186081.245874093,3135,602.64,132462.1,801,30.89337866385,33.9577686823343,12.8439917908615,34.1572383708185,24.474713386044,0.00454952775171162,0.099478390461997
175,Queens,Oakland Gardens,175 · Oakland Gardens,2528,2177,68601.15,75867.33,2344,32873.03990784,66600.7,78873.6615588474,614,475.46,27421.73,464,31.5117822691778,34.8494855305466,14.0243344316724,28.4132679180887,33.6491730199861,0.0173388039339604,0.183544303797468
176,Staten Island,Oakwood,176 · Oakwood,104,80,3581.11,4345.4,100,1720.35654912,3433.65,3047.40157587073,12,119.64,840.9,28,44.763875,54.3175,17.2035654912,34.3365,30.4740157587073,0.142276132714948,0.269230769230769
177,Brooklyn,Ocean Hill,177 · Ocean Hill,30449,27998,771352.42,839617.64,28917,280816.43014656,863215.666666667,563765.422198516,8288,1799.49,265208.18,3567,27.5502685906136,29.9884863204515,9.71111906997821,29.8514945072679,19.4959858283541,0.00678519795279316,0.117146704325265
178,Brooklyn,Ocean Parkway South,178 · Ocean Parkway South,3006,2762,70968.3,77526.59,2761,23407.95676032,83054.9333333333,46654.7598025738,1148,468.87,36530.81,431,25.6945329471398,28.0690043446778,8.4780719885259,30.0814680671254,16.8977760965497,0.0128349193461629,0.143379906852961
179,Queens,Old Astoria,179 · Old Astoria,36389,30370,795487.55,930105.16,33979,299205.18093312,810173,765190.326249449,4337,12599.08,127309.29,7457,26.1932021731972,30.6257872900889,8.8055911278472,23.8433444186115,22.5195069380926,0.0989643410940396,0.204924565115832
180,Queens,Ozone Park,180 · Ozone Park,6907,6256,179521.79,201004.13,6448,61812.58558464,155644.4,156664.002473516,1354,5816.03,67151,977,28.6959382992327,32.1298161764706,9.58631910431762,24.1383995037221,24.2965264382004,0.0866112194904022,0.141450702186188
181,Brooklyn,Park Slope,181 · Park Slope,58063,48142,1301196.92,1494419.43,54107,462695.04217728,1408079.71666667,1064397.73182159,12379,27803.01,333057.41,12467,27.0283104150222,31.0419058202817,8.55148210355924,26.023984265745,19.6720892273012,0.0834781306922431,0.214715050892996
182,Bronx,Parkchester,182 · Parkchester,12678,11881,372229.04,414372.86,12246,158747.70384,443972.683333333,288567.675054501,5112,2908.51,190059.7,1074,31.3297735880818,34.8769346014645,12.9632291229789,36.2545062333279,23.5642393479096,0.0153031389610738,0.0847136772361571
183,Bronx,Pelham Bay,183 · Pelham Bay,2872,2669,84675.42,93804.74,2731,38721.0580416,93101.3666666667,80073.1140307716,1085,538.79,45108.34,300,31.7255226676658,35.1460247283627,14.1783442114976,34.0905773221042,29.320071047518,0.0119443544142835,0.104456824512535
184,Bronx,Pelham Bay Park,184 · Pelham Bay Park,636,569,20158.15,22709.89,574,8145.09919872,16337.45,19325.4065791512,141,437.35,6846.1,116,35.4273286467487,39.9119332161687,14.190068290453,28.462456445993,33.667955712807,0.0638830867209068,0.182389937106918
185,Bronx,Pelham Parkway,185 · Pelham Parkway,5577,5183,157273.42,172880.08,5293,66040.34836608,180552.333333333,127778.990863999,2192,363.85,87384.54,607,30.3440902951958,33.3552151263747,12.4769220415794,34.1115309528308,24.1411280680142,0.00416378000044402,0.108839878070647
186,Manhattan,Penn Station/Madison Sq West,186 · Penn Station/Madison Sq West,1543158,1452260,25013226.27,37879622.99,1489367,5605637.15137536,24783553.9833333,20079595.9798068,1174306,4649000.67,19844114.62,106593,17.2236557296903,26.0832240714473,3.76377155622178,16.6403270539319,13.4819664863038,0.234276044007248,0.0690745860112834
187,Staten Island,Port Richmond,187 · Port Richmond,73,55,2969.92,3630.98,60,1151.29251072,1869.9,2415.0744042417,8,47.02,495,27,53.9985454545455,66.0178181818182,19.188208512,31.165,40.251240070695,0.094989898989899,0.36986301369863
188,Brooklyn,Prospect-Lefferts Gardens,188 · Prospect-Lefferts Gardens,50917,45703,1231433.47,1345502.78,47747,416600.40445056,1442877.45,826876.317949232,14396,4143.25,423884.43,7560,26.9442590201956,29.4401413473951,8.72516397785327,30.2192273860138,17.3178695614223,0.00977448027520143,0.148476933047901
189,Brooklyn,Prospect Heights,189 · Prospect Heights,22853,19006,519997.09,589726.58,21241,178090.63468416,557572.833333333,399983.416564401,3780,8292.22,104752.94,4944,27.3596280122067,31.0284425970746,8.38428674187468,26.2498391475605,18.8307243804153,0.0791597830094315,0.216339211482081
190,Brooklyn,Prospect Park,190 · Prospect Park,4486,3730,99692.49,113885.72,4150,33592.4810496,109367.65,76852.974395162,794,2186.53,21309.03,966,26.7272091152815,30.5323646112601,8.09457374689157,26.3536506024096,18.5187890108824,0.102610489543635,0.215336602764155
191,Queens,Queens Village,191 · Queens Village,11774,10781,337626.03,369821.83,11082,157147.17904512,348067.6,326000.683633543,3649,2183.21,164540.76,1498,31.3167637510435,34.3031101011038,14.1803987588089,31.4083739397221,29.4171344191972,0.0132685056274202,0.127229488703924
192,Queens,Queensboro Hill,192 · Queensboro Hill,3353,2939,78268.45,87642.69,3165,33711.68515968,74799.6833333333,95131.0933782274,636,1161.51,23959.31,535,26.6309799251446,29.8205818305546,10.6514013142749,23.6333912585571,30.0572174970703,0.0484784411571118,0.159558604235013
193,Queens,Queensbridge/Ravenswood,193 · Queensbridge/Ravenswood,36636,25655,610156.24,715092.94,23064,185629.75149312,543658.416666667,476672.329709036,5547,11631.93,114946.65,16324,23.7831315533034,27.8734336386669,8.04846303733611,23.5717315585617,20.6673746838812,0.101194162683297,0.445572660770827
194,Manhattan,Randalls Island,194 · Randalls Island,2492,2113,90873.45,121527.97,2304,24799.84619904,51800.4833333333,75789.3006694237,1054,10528.77,53772.58,456,43.0068386180786,57.5144202555608,10.763822135,22.4828486689815,32.8946617488818,0.195801838037156,0.182985553772071
195,Brooklyn,Red Hook,195 · Red Hook,19999,16770,658921.71,783632.41,18533,243542.05970688,539168.8,499359.558693884,5601,38330.87,292835.88,4023,39.2916940966011,46.7282295766249,13.140994966108,29.092364970593,26.9443456911393,0.130895401205617,0.2011600580029
196,Queens,Rego Park,196 · Rego Park,14111,12178,363474.19,416222.54,13037,125162.97982848,320186.65,328589.772481237,3031,13309.14,142874.61,2663,29.8467884710133,34.1782345212679,9.60059674990259,24.5598412211398,25.204400742597,0.0931525902327922,0.188718021401743
197,Queens,Richmond Hill,197 · Richmond Hill,35107,31609,1074434.01,1207510.69,32443,299837.62093824,768888.083333333,829341.453253506,8973,51717.25,559049.15,5062,33.9913951722611,38.2014834382613,9.24198196647166,23.6996604300876,25.5630321873287,0.0925093079919717,0.144187768821033
198,Queens,Ridgewood,198 · Ridgewood,24487,20732,511333.99,576332.76,22985,186037.04427264,541602.15,474401.587587933,2692,3831.94,83485.7,4714,24.6639972023924,27.7991877291144,8.09384573733479,23.5632869262563,20.6396166016068,0.0458993576145376,0.192510311593907
199,Bronx,Rikers Island,199 · Rikers Island,18,14,582.4,811.54,16,271.8182016,447.1,604.11216035858,12,118,527.4,3,41.6,57.9671428571429,16.9886376,27.94375,37.7570100224113,0.223739097459234,0.166666666666667
200,Bronx,Riverdale/North Riverdale/Fieldston,200 · Riverdale/North Riverdale/Fieldston,5158,4576,156744.33,178220.74,4697,68033.07029376,153433.75,139191.651324553,2022,1300.53,80207.91,949,34.2535686188811,38.946840034965,14.4843666795316,32.6663295720673,29.6341603841928,0.0162144855787914,0.183986041101202
201,Queens,Rockaway Park,201 · Rockaway Park,3032,2755,117829.39,126981.06,2875,52097.5230336,126994.166666667,78019.690565269,1508,728.65,76469.61,400,42.7692885662432,46.0911288566243,18.1208775769043,44.171884057971,27.1372836748762,0.00952862189306314,0.131926121372032
202,Manhattan,Roosevelt Island,202 · Roosevelt Island,6289,5457,176734.92,204356.25,5720,56977.18278912,176678.816666667,117663.206458877,2378,6114.87,84414.96,1219,32.3868279274327,37.4484606926883,9.96104594215385,30.887905011655,20.5704906396637,0.0724382265892207,0.193830497694387
203,Queens,Rosedale,203 · Rosedale,5409,5023,195209.63,212733.31,5130,87737.34714624,203375.8,151352.087131386,2256,2708.6,118114.82,641,38.8631554847701,42.3518435198089,17.1027967146667,39.6444054580897,29.5033308248316,0.0229319233606757,0.118506193381401
204,Staten Island,Rossville/Woodrow,204 · Rossville/Woodrow,29,25,2500.86,2881.06,18,520.84809216,577.3,949.14788295563,10,184.1,1510,13,100.0344,115.2424,28.93600512,32.0722222222222,52.7304379419794,0.121920529801325,0.448275862068966
205,Queens,Saint Albans,205 · Saint Albans,15610,14775,466817.39,507932.43,15037,205085.19157632,544500.983333333,353811.094507086,5895,1383.32,256968.07,1264,31.5950856175973,34.3778294416244,13.638703968632,36.2107457161225,23.5293671947254,0.0053832369134422,0.080973734785394
206,Staten Island,Saint George/New Brighton,206 · Saint George/New Brighton,182,158,7100.24,8623.03,164,2991.25550592,5221.61666666667,5579.74859160531,31,214.45,2009.72,39,44.9382278481013,54.5761392405063,18.2393628409756,31.8391260162602,34.022857265886,0.106706406862648,0.214285714285714
207,Queens,Saint Michaels Cemetery/Woodside,207 · Saint Michaels Cemetery/Woodside,3611,3030,94475.43,119895.21,1889,17424.38358144,41415.5166666667,62141.0249161823,1287,13951.84,77103.88,1854,31.1800099009901,39.5693762376238,9.22413106481736,21.9245720839951,32.896254587709,0.180948611146417,0.513431182497923
208,Bronx,Schuylerville/Edgewater Park,208 · Schuylerville/Edgewater Park,7421,6755,202576.09,227516.28,7025,90898.4850048,201811.4,217319.238922552,2157,1474.27,84453.93,955,29.9890584752036,33.6811665433013,12.9392861216797,28.7276014234875,30.9351229782992,0.0174564996560847,0.128688855949333
209,Manhattan,Seaport,209 · Seaport,112028,100831,2255454,3077771.98,105789,713925.88768512,1978929.93333333,2278421.87979355,56173,252209.64,1249158.72,14608,22.3686564647777,30.5240648213347,6.74858338471032,18.7063866123447,21.5374176879785,0.201903597967118,0.130395972435463
210,Brooklyn,Sheepshead Bay,210 · Sheepshead Bay,10308,9618,299503.4,319796.03,9773,115730.743392,362542.2,202906.677475103,5478,959.95,218247.93,1086,31.1398835516739,33.2497431898524,11.8418851316893,37.0963061495958,20.7619643379825,0.00439843805162322,0.105355064027939
211,Manhattan,SoHo,211 · SoHo,416732,387717,6781071.88,9923256.35,395015,1596143.45240064,6374192.33333333,5814589.6060397,254337,962262.26,4174061.3,41207,17.4897460776804,25.5940708042206,4.04071605483498,16.1365829989578,14.7199210309474,0.230533811278718,0.0988812954128793
212,Bronx,Soundview/Bruckner,212 · Soundview/Bruckner,9656,8935,243422.73,276956.21,9222,103659.39201024,248996.3,253529.559469211,2211,621.22,80333.34,1011,27.2437302742026,30.9967778399552,11.2404458913728,27.0002494036001,27.4918195043604,0.00773302840389806,0.10470173985087
213,Bronx,Soundview/Castle Hill,213 · Soundview/Castle Hill,15611,14721,423331.36,471711.28,14945,174662.10432,464217.15,384578.740029873,6093,2242.56,222157.82,1348,28.7569703145167,32.0434263976632,11.6869925941787,31.0617029106725,25.7329367701487,0.010094445471242,0.0863493690346551
214,Staten Island,South Beach/Dongan Hills,214 · South Beach/Dongan Hills,478,367,11476.62,14872.39,427,6168.80867328,10521.4166666667,14732.5276025593,23,182.35,1394.15,141,31.2714441416894,40.5242234332425,14.4468587196253,24.6403200624512,34.5024065633707,0.130796542696267,0.294979079497908
215,Queens,South Jamaica,215 · South Jamaica,18588,17248,609619.35,701124.01,17806,227798.68421376,553398.066666667,450935.270659198,6649,31379.03,354361.78,1762,35.3443500695733,40.6495831400742,12.7933665176772,31.079302856715,25.3249056868021,0.0885508307357526,0.0947923391435335
216,Queens,South Ozone Park,216 · South Ozone Park,41743,37748,1686008.38,1936972.87,38521,320743.32136704,740328.633333333,1215316.62665429,15574,153882.39,1152019.22,5825,44.6648399915227,51.3132581858642,8.32645365818748,19.2188321521594,31.5494568327481,0.133576234952052,0.139544354742112
217,Brooklyn,South Williamsburg,217 · South Williamsburg,8852,7799,207072.42,230714.57,8109,65097.03138048,201439.7,160589.220911701,1819,2928.93,54603.87,1551,26.5511501474548,29.5825836645724,8.02775081766926,24.8414971019854,19.803825491639,0.0536396046653836,0.17521464075915
218,Queens,Springfield Gardens North,218 · Springfield Gardens North,10905,10279,348404.05,378355.38,10305,145180.95001344,393374.716666667,249116.117817755,4927,2658.76,215333.68,1048,33.8947417063917,36.8085786555112,14.088398836821,38.1731893902636,24.1742957610631,0.0123471627847534,0.0961027051811096
219,Queens,Springfield Gardens South,219 · Springfield Gardens South,12398,11179,573283.38,665927.27,11649,204307.28296704,414339.55,383826.38489201,5783,46530.51,395547.84,2073,51.2821701404419,59.5694847481886,17.5386112942776,35.568679714997,32.9492990721959,0.117635606352951,0.167204387804485
220,Bronx,Spuyten Duyvil/Kingsbridge,220 · Spuyten Duyvil/Kingsbridge,8679,7751,234702.95,264181.19,8011,96766.92571392,232645.416666667,216016.80650651,2951,2340.32,111170.78,1400,30.2803444716811,34.0834976132112,12.0792567362277,29.0407460575043,26.9650239054437,0.0210515748832562,0.161308906556055
221,Staten Island,Stapleton,221 · Stapleton,730,620,21608.19,26555.21,698,9666.66957696,18105.3333333333,22236.9249022712,26,260.96,1887.2,125,34.8519193548387,42.8309838709677,13.8490968151289,25.9388729703916,31.8580585992424,0.138278931750742,0.171232876712329
222,Brooklyn,Starrett City,222 · Starrett City,10485,10167,318231.28,337686.96,10089,120309.15004416,401356.766666667,200360.483707134,6875,445.13,242782.88,605,31.3004111340612,33.2140218353497,11.9247844230508,39.7816202464731,19.8593005954142,0.00183344888239237,0.0577014783023367
223,Queens,Steinway,223 · Steinway,31696,26682,875182.27,1066565.48,29626,288559.3220928,649596.2,872676.724942302,7027,57485.08,353655.26,6248,32.8004748519601,39.9732208979837,9.74007027924121,21.9265577533248,29.4564478816682,0.162545525266611,0.197122665320545
224,Manhattan,Stuy Town/Peter Cooper Village,224 · Stuy Town/Peter Cooper Village,105933,89783,1587187.4,2187266.93,98255,450304.87974912,1483809.61666667,1785825.73360052,28969,103446.87,463119.34,20919,17.6780392724681,24.361704665694,4.58302254082866,15.1016194256442,18.1754183868558,0.223369790603001,0.19747387499646
225,Brooklyn,Stuyvesant Heights,225 · Stuyvesant Heights,51872,45547,1254829.74,1390476.79,48925,429225.45063552,1447397.66666667,870226.218481265,11513,4392.76,339797.74,8357,27.5502171383406,30.5283946253321,8.77313133644395,29.5840095384091,17.7869436582783,0.0129275727378293,0.161108112276373
226,Queens,Sunnyside,226 · Sunnyside,89958,74468,2388441.29,2847391.37,81654,700387.32956544,1794652.58333333,1992219.72697305,21668,177300.37,1116713.84,19324,32.0733911210184,38.2364420959338,8.57750177046366,21.9787467035703,24.3983114969634,0.158769743553998,0.214811356410769
227,Brooklyn,Sunset Park East,227 · Sunset Park East,8668,7620,219726.7,242135.1,8105,83716.04710656,253803.016666667,162002.867976711,2532,1078.24,86310.35,1435,28.8355249343832,31.7762598425197,10.3289385695941,31.3143758996504,19.9880157898471,0.0124925921398766,0.16555145362252
228,Brooklyn,Sunset Park West,228 · Sunset Park West,25330,21404,647370.2,734820.93,23422,262061.8754688,673548.916666667,571502.275325281,4481,6182.47,161581.01,5157,30.2452905998879,34.3310096243693,11.1887061510033,28.7571051433126,24.4002337684775,0.0382623552111724,0.203592577970786
229,Manhattan,Sutton Place/Turtle Bay North,229 · Sutton Place/Turtle Bay North,758988,710941,10895454.98,16796365.78,728364,2565068.28754176,10264658.7333333,10988821.1395331,530021,1887054.47,7762721.64,61445,15.3253996885818,23.6255410505232,3.52168460761619,14.0927595725947,15.0869910368072,0.243091863590255,0.0809564841604874
230,Manhattan,Times Sq/Theatre District,230 · Times Sq/Theatre District,1516398,1397536,27460483.79,41035588.9,1461650,7103220.14464128,24664846.1833333,22097956.9243931,1030313,4691936.1,20010954.67,131381,19.6492138950267,29.3628134802968,4.85972711979016,16.8746595856281,15.1185009574064,0.234468378814233,0.0866401828543694
231,Manhattan,TriBeCa/Civic Center,231 · TriBeCa/Civic Center,677759,627045,12191751.74,17494533.71,642618,3318295.6109952,11060180.1,11132294.5856975,419013,1721511.68,7798462.28,70761,19.4431846837149,27.899965249703,5.16371407429484,17.2111271392958,17.3233469739371,0.22075014511707,0.104404367924292
232,Manhattan,Two Bridges/Seward Park,232 · Two Bridges/Seward Park,132256,112132,2450104.44,3152670.31,123174,792115.06125312,2324978.08333333,2512930.3799399,33554,116230.25,730061.29,25737,21.8501805015517,28.1157056861556,6.43086252986117,18.8755588300561,20.4014676793796,0.159206153773747,0.194599866924752
233,Manhattan,UN/Turtle Bay South,233 · UN/Turtle Bay South,523685,483316,8348365.94,12522573.27,497222,2160212.5537344,7407011.41666667,8410852.79424686,326230,1272212.04,5496514.43,54058,17.2731007043011,25.9097014582592,4.34456350228751,14.8967893952131,16.9156891574525,0.231457964170213,0.103226176040941
234,Manhattan,Union Sq,234 · Union Sq,1293635,1214755,18618163.05,28822412.77,1238318,4267574.05738752,17535184.0833333,17724848.8650162,898786,3184687.63,13074516.63,109085,15.3266815530704,23.7269348716408,3.44626667575495,14.160485499955,14.3136487275613,0.243579760546758,0.0843244037151128
235,Bronx,University Heights/Morris Heights,235 · University Heights/Morris Heights,12762,12127,341286.74,373341.09,12114,133253.57054592,381379.166666667,272591.723252568,5307,1288.45,193307.66,1088,28.1427179022017,30.7859396388225,10.999964548945,31.4825133454405,22.5022059808955,0.00666528165516048,0.0852530951261558
236,Manhattan,Upper East Side North,236 · Upper East Side North,1874805,1790508,25053430.73,38761176.75,1795511,5841357.59002752,22632020.9166667,27507559.3348093,1412912,4614048.32,18899998.79,133080,13.9923590009092,21.6481449677968,3.25331205992473,12.6047798741788,15.320184245493,0.244129556370199,0.0709833822717563
237,Manhattan,Upper East Side South,237 · Upper East Side South,2125557,2034768,27395815.01,43458808.41,2046224,5946985.61208576,25321515.15,28866745.6031669,1646909,5373017.87,21508444.93,132395,13.4638519035094,21.3581147383879,2.90632189441907,12.374752299846,14.1073243218567,0.24980968579954,0.0622872028367153
238,Manhattan,Upper West Side North,238 · Upper West Side North,870049,809209,12232977.41,18086141.32,828943,3236712.1699968,10823128.0333333,14580443.8837743,565272,1880959.22,7899198.35,85074,15.1172038496853,22.3503956579821,3.90462573421429,13.0565407191246,17.5891995997002,0.238120266976205,0.0977806997077176
239,Manhattan,Upper West Side South,239 · Upper West Side South,1220402,1142321,17038466.02,25890238.34,1166829,4317331.41721728,15174616.6333333,19589821.2424997,840226,2912897.01,11718761.74,109082,14.9156550741867,22.6645910737875,3.70005494996892,13.0050047036312,16.7889392897329,0.248566962502303,0.089382023300519
240,Bronx,Van Cortlandt Park,240 · Van Cortlandt Park,1386,1272,41326.9,45513.53,1305,17982.85813632,43009.3166666667,36661.1921272019,448,379.3,19192.21,169,32.4897012578616,35.7810770440252,13.7799679205517,32.9573307790549,28.0928675304229,0.0197632268508942,0.121933621933622
241,Bronx,Van Cortlandt Village,241 · Van Cortlandt Village,8739,8168,249539.44,271572.31,8332,102242.13931008,282544.5,195350.088829441,3379,606.84,133352.56,861,30.5508619000979,33.2483239471107,12.2710200804225,33.9107657225156,23.4457619814499,0.00455064379716445,0.0985238585650532
242,Bronx,Van Nest/Morris Park,242 · Van Nest/Morris Park,8523,7987,234619.89,261013.9,7888,90138.53667456,258667.083333333,178680.829725163,3392,1007.84,130547.23,1023,29.3752209840992,32.6798422436459,11.4272992741582,32.7924801386072,22.6522350057255,0.00772011784547248,0.120028159098909
243,Manhattan,Washington Heights North,243 · Washington Heights North,46047,38039,1048146.81,1207779.79,42425,461490.0136704,1001347.03333333,1192701.77437108,6142,12859.09,196072.16,10548,27.5545311390941,31.7510920371198,10.877784647505,23.6027585935965,28.1131826604851,0.0655834566212766,0.229070297739266
244,Manhattan,Washington Heights South,244 · Washington Heights South,103114,87066,2219069.76,2595532.22,95036,900045.92582784,2067761.35,2517492.80759198,18193,49751.16,532064.96,21482,25.4872138377782,29.8110883697425,9.47057878938339,21.7576639378762,26.4898860178456,0.0935058004947366,0.208332525166321
245,Staten Island,West Brighton,245 · West Brighton,136,114,4985.15,6025.42,120,2193.90602112,4047.35,4026.33444653305,11,232.57,759.98,32,43.7293859649123,52.8545614035088,18.282550176,33.7279166666667,33.5527870544421,0.306021211084502,0.235294117647059
246,Manhattan,West Chelsea/Hudson Yards,246 · West Chelsea/Hudson Yards,882794,819381,14125397.2,21008179.86,836015,3331114.90500096,13194008.3833333,12603366.7822552,558460,2143265.54,9165548.62,91385,17.2391075702268,25.639085919737,3.98451571443211,15.7820235083501,15.0755270925225,0.233839307264512,0.103517921508302
247,Bronx,West Concourse,247 · West Concourse,21319,19365,527152.47,598445.08,20040,194775.58907136,498840.15,484835.678767627,5126,10036.27,183785.71,2816,27.2219194422928,30.9034381616318,9.71934077202395,24.8922230538922,24.1933971440932,0.0546085438307472,0.132088747126976
248,Bronx,West Farms/Bronx River,248 · West Farms/Bronx River,8552,7953,220465.24,248264.69,8230,93951.98993664,235708.483333333,218678.102763076,2314,1212.58,83493.25,815,27.7210159688168,31.2164830881428,11.4157946460073,28.6401559335763,26.5708508825122,0.0145230901899255,0.0952993451824135
249,Manhattan,West Village,249 · West Village,1064162,992960,15578589.9,23621301.42,1022689,3795702.88977792,14455963.6,15884943.1269451,695228,2462970.63,10250277.95,91565,15.6890407468579,23.7887743917177,3.71149282898117,14.1352489368713,15.5325256524174,0.2402833017811,0.0860442301078219
250,Bronx,Westchester Village/Unionport,250 · Westchester Village/Unionport,8742,8155,229504.09,258020.14,8233,95281.82307072,247382.766666667,214589.889628527,2567,808.39,93695.02,918,28.1427455548743,31.6395021459227,11.5731596101931,30.0477063848739,26.064604594744,0.00862788651947563,0.105010295126973
251,Staten Island,Westerleigh,251 · Westerleigh,211,167,8754.8,10690.55,181,3515.16135168,5616.76666666667,7165.21492726644,21,264.42,2129.03,67,52.4239520958084,64.0152694610778,19.4207809485083,31.0318600368324,39.586822802577,0.124197404451793,0.317535545023697
252,Queens,Whitestone,252 · Whitestone,3546,3083,90372.72,102073.35,3280,40375.25445888,81361.5833333333,106582.838282854,705,1299.09,30005.17,652,29.3132403503081,33.1084495621148,12.309528798439,24.8053607723577,32.4947677691627,0.0432955387354913,0.183869148336153
253,Queens,Willets Point,253 · Willets Point,463,387,17086.45,19558.9,431,6023.09866752,10274.4666666667,16139.5864988381,105,832.31,6644.09,98,44.1510335917313,50.5397932816538,13.9747068851972,23.8386697602475,37.4468364242183,0.125270729324859,0.211663066954644
254,Bronx,Williamsbridge/Olinville,254 · Williamsbridge/Olinville,13858,13195,422589.84,459922.58,13313,183655.85889024,477100.35,329921.148381785,5619,467.44,239373.05,1036,32.0265130731338,34.8558226600985,13.7952271381537,35.8371779463682,24.7818784933362,0.00195276786588966,0.0747582623755232
255,Brooklyn,Williamsburg (North Side),255 · Williamsburg (North Side),101247,86019,2111266.51,2518017.02,95970,723639.26042496,2012076.25,2068282.13848848,12055,51863.36,280705.4,18474,24.5441880282263,29.2728004278125,7.5402652956649,20.9656793789726,21.551340403131,0.184760820418845,0.182464665619722
256,Brooklyn,Williamsburg (South Side),256 · Williamsburg (South Side),76868,64863,1653876.16,1938961.35,72187,551280.48142464,1549961.71666667,1552216.34918673,8780,40501.81,248665.48,14921,25.4979905338945,29.8931802414319,7.63683878571821,21.471479860178,21.5027130811189,0.162876688794922,0.194111984180673
257,Brooklyn,Windsor Terrace,257 · Windsor Terrace,7465,5864,178695.98,207991.42,6910,75630.12348672,196084.433333333,166839.39951644,1399,2180.99,48890.05,1974,30.4733935879945,35.4692053206003,10.9450251066165,28.3769078630005,24.1446308996295,0.0446100996010436,0.26443402545211
258,Queens,Woodhaven,258 · Woodhaven,14863,13578,357231.83,393905.86,14170,140420.47827456,365117.816666667,331587.408996269,2413,1914.49,90298.36,1715,26.3096059802622,29.0105950802769,9.90970206595342,25.766959538932,23.4006640082053,0.0212018247064509,0.115387203121846
259,Bronx,Woodlawn/Wakefield,259 · Woodlawn/Wakefield,7761,7369,247329.69,268151.34,7421,110155.2515712,262651.766666667,204375.298146111,2943,654.1,131823.42,662,33.5635350793866,36.389108427195,14.8437207345641,35.3930422674392,27.5401291128031,0.00496194075377501,0.0852982863033114
260,Queens,Woodside,260 · Woodside,36260,30668,806936.82,952249.6,33275,260503.11315072,645154.75,832021.34195804,5990,42420.12,275159.8,7179,26.3120131733403,31.0502673796791,7.82879378364298,19.3885725018783,25.0043979551627,0.154165397707078,0.197986762272477
261,Manhattan,World Trade Center,261 · World Trade Center,252047,228803,5435962.9,7535664.68,237785,1592431.17859584,4874945.53333333,4489130.64196674,149393,750454.35,3532510.2,30014,23.7582675926452,32.9351655354169,6.69693705909052,20.5014846745309,18.8789479654593,0.21244223158931,0.119080965058104
262,Manhattan,Yorkville East,262 · Yorkville East,641074,592527,9279169.12,13702063.25,610364,2577429.33693696,8045100.66666667,11325269.9323283,394062,1344085.78,5702745.53,67819,15.66033129292,23.1247913597186,4.22277417563447,13.1808243387006,18.5549441518967,0.235690997069617,0.105789659228108
263,Manhattan,Yorkville West,263 · Yorkville West,857651,797904,11702956.32,17610120.57,820455,3196423.7718336,10267631.4333333,14848478.4133718,561563,1802742.43,7515597.5,79014,14.6671232629489,22.0704753579378,3.89591601225369,12.5145576946125,18.097858399756,0.239866814315163,0.092128383223479
